,Term,is_about_nationality,is_about_ethnicity,is_about_religion,is_about_gender,is_about_sexual_orientation,is_about_disability,is_about_class
0,mudslime,0.0,0.0,1.0,0.0,0.0,0.0,0.0
1,muslimette,0.0,0.0,1.0,1.0,0.0,0.0,0.0
2,sand apes,0.0,1.0,0.0,0.0,0.0,0.0,0.0
3,sand ape,0.0,1.0,1.0,0.0,0.0,0.0,0.0
4,porki,0.0,0.0,1.0,0.0,0.0,0.0,0.0
5,halalability,0.0,0.0,1.0,0.0,0.0,0.0,0.0
6,halalification,0.0,0.0,1.0,0.0,0.0,0.0,0.0
7,muzrat,0.0,0.0,1.0,0.0,0.0,0.0,0.0
8,muzrats,0.0,0.0,1.0,0.0,0.0,0.0,0.0
9,Osamas,0.0,0.0,1.0,0.0,0.0,0.0,0.0
10,Osama,0.0,0.0,1.0,0.0,0.0,0.0,0.0
11,hodgie,0.0,0.0,1.0,0.0,0.0,0.0,0.0
12,hodgies,0.0,0.0,1.0,0.0,0.0,0.0,0.0
13,mongoloids,0.0,1.0,0.0,0.0,0.0,1.0,0.0
14,mongoloid,0.0,1.0,0.0,0.0,0.0,1.0,0.0
15,mutah,0.0,0.0,1.0,0.0,0.0,0.0,0.0
16,muttah,0.0,0.0,1.0,0.0,0.0,0.0,0.0
17,halala,0.0,0.0,1.0,0.0,0.0,0.0,0.0
18,FGM,0.0,0.0,1.0,1.0,0.0,0.0,0.0
19,QuranoVirus,0.0,0.0,1.0,0.0,0.0,0.0,0.0
20,JihadiVirus,0.0,0.0,1.0,0.0,0.0,0.0,0.0
21,Covid786,0.0,0.0,1.0,0.0,0.0,0.0,0.0
22,CoronaJihad,0.0,0.0,1.0,0.0,0.0,0.0,0.0
23,porkistani,0.0,0.0,1.0,0.0,0.0,0.0,0.0
24,taqiyya,0.0,0.0,1.0,0.0,0.0,0.0,0.0
25,dhimmi,0.0,0.0,1.0,0.0,0.0,0.0,0.0
26,ninja,0.0,0.0,1.0,0.0,0.0,0.0,0.0
27,Chuslim,0.0,0.0,1.0,0.0,0.0,0.0,0.0
28,Paedo,0.0,0.0,1.0,0.0,0.0,0.0,0.0
29,lobby gay,0.0,0.0,0.0,0.0,1.0,0.0,0.0
30,sandnigger,0.0,1.0,0.0,0.0,0.0,0.0,0.0
31,Bengali,1.0,1.0,1.0,0.0,0.0,0.0,0.0
32,rapefugees,0.0,0.0,0.0,0.0,0.0,0.0,1.0
33,Girl,0.0,0.0,0.0,1.0,0.0,0.0,0.0
34,whitie,0.0,1.0,0.0,0.0,0.0,0.0,0.0
35,fish wagon,0.0,0.0,0.0,0.0,0.0,1.0,0.0
36,skank,0.0,0.0,0.0,1.0,0.0,0.0,0.0
37,gun burglar,0.0,1.0,0.0,0.0,0.0,0.0,0.0
38,gun burglars,0.0,1.0,0.0,0.0,0.0,0.0,0.0
39,kanaka,0.0,1.0,0.0,0.0,0.0,0.0,0.0
40,cracker,0.0,1.0,0.0,0.0,0.0,0.0,1.0
41,ABCs,1.0,1.0,0.0,0.0,0.0,0.0,0.0
42,ABC,1.0,1.0,0.0,0.0,0.0,0.0,0.0
43,rube,0.0,0.0,0.0,0.0,0.0,0.0,1.0
44,whoriental,0.0,1.0,0.0,1.0,0.0,0.0,0.0
45,whorientals,0.0,1.0,0.0,1.0,0.0,0.0,0.0
46,hoosier,0.0,0.0,0.0,0.0,0.0,0.0,1.0
47,hooknoses,0.0,1.0,1.0,0.0,0.0,0.0,0.0
48,hooknosed,0.0,1.0,1.0,0.0,0.0,0.0,0.0
49,hooknose,0.0,1.0,1.0,0.0,0.0,0.0,0.0
50,dagowops,1.0,1.0,0.0,0.0,0.0,0.0,0.0
51,dagowop,1.0,1.0,0.0,0.0,0.0,0.0,0.0
52,chimp-outs,0.0,1.0,0.0,0.0,0.0,0.0,0.0
53,bean bandit,0.0,1.0,0.0,0.0,0.0,0.0,0.0
54,bean bandits,0.0,1.0,0.0,0.0,0.0,0.0,0.0
55,lipstick lesbians,0.0,0.0,0.0,0.0,1.0,0.0,0.0
56,libtard,0.0,0.0,0.0,0.0,0.0,1.0,0.0
57,jihadi-americans,0.0,1.0,1.0,0.0,0.0,0.0,0.0
58,jihadi-american,0.0,1.0,1.0,0.0,0.0,0.0,0.0
59,gyppoes,0.0,1.0,0.0,0.0,0.0,0.0,0.0
60,gypoes,0.0,1.0,0.0,0.0,0.0,0.0,0.0
61,gooky eyes,0.0,1.0,0.0,0.0,0.0,0.0,0.0
62,gooklets,0.0,1.0,0.0,0.0,0.0,0.0,0.0
63,gooklet,0.0,1.0,0.0,0.0,0.0,0.0,0.0
64,gookettes,0.0,1.0,0.0,1.0,0.0,0.0,0.0
65,gookette,0.0,1.0,0.0,0.0,0.0,0.0,0.0
66,gook eyed,0.0,1.0,0.0,0.0,0.0,0.0,0.0
67,ghetto monkeys,0.0,1.0,0.0,0.0,0.0,0.0,0.0
68,ghetto monkey,0.0,1.0,0.0,0.0,0.0,0.0,0.0
69,filthypinos,1.0,0.0,0.0,0.0,0.0,0.0,0.0
70,filthypinoes,1.0,0.0,0.0,0.0,0.0,0.0,0.0
71,filthypino,1.0,0.0,0.0,0.0,0.0,0.0,0.0
72,deminigger,0.0,1.0,0.0,0.0,0.0,0.0,0.0
73,deminiggers,0.0,1.0,0.0,0.0,0.0,0.0,0.0
74,seminigger,0.0,1.0,0.0,0.0,0.0,0.0,0.0
75,seminiggers,0.0,1.0,0.0,0.0,0.0,0.0,0.0
76,canniglets,1.0,1.0,0.0,0.0,0.0,0.0,0.0
77,canigglet,1.0,1.0,0.0,0.0,0.0,0.0,0.0
78,caniggers,1.0,1.0,0.0,0.0,0.0,0.0,0.0
79,canigger,1.0,1.0,0.0,0.0,0.0,0.0,0.0
80,cairo coons,1.0,1.0,0.0,0.0,0.0,0.0,0.0
81,cairo coon,1.0,1.0,0.0,0.0,0.0,0.0,0.0
82,bushniglets,0.0,1.0,0.0,0.0,0.0,0.0,0.0
83,bushniglet,0.0,1.0,0.0,0.0,0.0,0.0,0.0
84,bushniggers,0.0,1.0,0.0,0.0,0.0,0.0,0.0
85,bushnigger,0.0,1.0,0.0,0.0,0.0,0.0,0.0
86,bush bandits,0.0,1.0,0.0,0.0,0.0,0.0,0.0
87,bush bandit,0.0,1.0,0.0,0.0,0.0,0.0,0.0
88,border bandits,1.0,1.0,0.0,0.0,0.0,0.0,0.0
89,border banditos,1.0,1.0,0.0,0.0,0.0,0.0,0.0
90,border bandit,1.0,1.0,0.0,0.0,0.0,0.0,0.0
91,border banditoes,1.0,1.0,0.0,0.0,0.0,0.0,0.0
92,african't,0.0,1.0,0.0,0.0,0.0,0.0,1.0
93,african'ts,0.0,1.0,0.0,0.0,0.0,0.0,1.0
94,WASPy,0.0,1.0,0.0,0.0,0.0,0.0,0.0
95,Uncle Tom,0.0,1.0,0.0,0.0,0.0,0.0,0.0
96,jewtarded,0.0,1.0,1.0,0.0,0.0,1.0,0.0
97,jigaboo,0.0,1.0,0.0,0.0,0.0,0.0,0.0
98,jewtard,0.0,1.0,1.0,0.0,0.0,1.0,0.0
99,cunt,0.0,0.0,0.0,1.0,0.0,0.0,0.0
100,twat,0.0,0.0,0.0,1.0,0.0,0.0,0.0
101,spicks,0.0,1.0,0.0,0.0,0.0,0.0,0.0
102,mud ducks,0.0,1.0,0.0,0.0,0.0,0.0,0.0
103,mangia cakes,0.0,1.0,0.0,0.0,0.0,0.0,0.0
104,lawn jockeys,0.0,1.0,0.0,0.0,0.0,0.0,0.0
105,limey,1.0,0.0,0.0,0.0,0.0,0.0,0.0
106,limeys,1.0,0.0,0.0,0.0,0.0,0.0,0.0
107,honky,0.0,1.0,0.0,0.0,0.0,0.0,0.0
108,honkey,0.0,1.0,0.0,0.0,0.0,0.0,0.0
109,hebes,0.0,1.0,1.0,0.0,0.0,0.0,0.0
110,hillbillies,0.0,0.0,0.0,0.0,0.0,0.0,0.0
111,hayseed,0.0,0.0,0.0,0.0,0.0,0.0,1.0
112,half breeds,0.0,1.0,0.0,0.0,0.0,0.0,0.0
113,greaseball,1.0,1.0,0.0,0.0,0.0,0.0,0.0
114,gypped,0.0,1.0,0.0,0.0,0.0,0.0,0.0
115,gyp,0.0,1.0,0.0,0.0,0.0,0.0,0.0
116,dot heads,1.0,1.0,0.0,0.0,0.0,0.0,0.0
117,whores,0.0,0.0,0.0,1.0,0.0,0.0,0.0
118,whore,0.0,0.0,0.0,1.0,0.0,0.0,0.0
119,mammy,0.0,1.0,0.0,1.0,0.0,0.0,0.0
120,muslamic,0.0,0.0,1.0,0.0,0.0,0.0,0.0
121,gypsy,0.0,1.0,0.0,0.0,0.0,0.0,0.0
122,gypsies,0.0,1.0,0.0,0.0,0.0,0.0,0.0
123,gyps,0.0,1.0,0.0,0.0,0.0,0.0,0.0
124,yokels,0.0,1.0,0.0,0.0,0.0,0.0,0.0
125,yokel,0.0,1.0,0.0,0.0,0.0,0.0,0.0
126,yellow bone,0.0,1.0,0.0,0.0,0.0,0.0,0.0
127,red bone,0.0,1.0,0.0,0.0,0.0,0.0,0.0
128,white trash,0.0,1.0,0.0,0.0,0.0,0.0,1.0
129,trailer trash,0.0,1.0,0.0,0.0,0.0,0.0,1.0
130,trailer park trash,0.0,1.0,0.0,0.0,0.0,0.0,1.0
131,shyster,0.0,1.0,0.0,0.0,0.0,0.0,0.0
132,shysters,0.0,1.0,0.0,0.0,0.0,0.0,0.0
133,sheister,0.0,1.0,0.0,0.0,0.0,0.0,0.0
134,sheisters,0.0,1.0,0.0,0.0,0.0,0.0,0.0
135,peckerwood,0.0,1.0,0.0,0.0,0.0,0.0,0.0
136,sheepfucker,1.0,0.0,0.0,0.0,0.0,0.0,1.0
137,niggah,0.0,1.0,0.0,0.0,0.0,0.0,0.0
138,nigga,0.0,1.0,0.0,0.0,0.0,0.0,0.0
139,niggahs,0.0,1.0,0.0,0.0,0.0,0.0,0.0
140,niggas,0.0,1.0,0.0,0.0,0.0,0.0,0.0
141,newfies,0.0,0.0,0.0,0.0,0.0,0.0,0.0
142,newfie,0.0,0.0,0.0,0.0,0.0,0.0,0.0
143,hosers,1.0,0.0,0.0,0.0,0.0,0.0,1.0
144,hillbilly,0.0,0.0,0.0,0.0,0.0,0.0,0.0
145,eurotrash,0.0,1.0,0.0,0.0,0.0,0.0,0.0
146,dyke,0.0,0.0,0.0,1.0,1.0,0.0,0.0
147,slut,0.0,0.0,0.0,1.0,0.0,0.0,0.0
148,sluts,0.0,0.0,0.0,1.0,0.0,0.0,0.0
149,spinks,1.0,1.0,0.0,0.0,0.0,0.0,0.0
150,mooks,1.0,1.0,0.0,0.0,0.0,0.0,0.0
151,mook,1.0,1.0,0.0,0.0,0.0,0.0,0.0
152,krauts,1.0,0.0,0.0,0.0,0.0,0.0,0.0
153,jiggs,0.0,1.0,0.0,0.0,0.0,0.0,0.0
154,jigg,0.0,1.0,0.0,0.0,0.0,0.0,0.0
155,jiggers,0.0,1.0,0.0,0.0,0.0,0.0,0.0
156,jigger,0.0,1.0,0.0,0.0,0.0,0.0,0.0
157,jiggas,0.0,1.0,0.0,0.0,0.0,0.0,0.0
158,jigga,0.0,1.0,0.0,0.0,0.0,0.0,0.0
159,hebe,0.0,1.0,1.0,0.0,0.0,0.0,0.0
160,half breed,0.0,1.0,0.0,0.0,0.0,0.0,0.0
161,eshay,1.0,0.0,0.0,0.0,0.0,0.0,1.0
162,eshays,1.0,0.0,0.0,0.0,0.0,0.0,1.0
163,Gwats,1.0,0.0,0.0,0.0,0.0,0.0,0.0
164,Gwat,1.0,0.0,0.0,0.0,0.0,0.0,0.0
165,gub,0.0,1.0,0.0,0.0,0.0,0.0,0.0
166,gubs,0.0,1.0,0.0,0.0,0.0,0.0,0.0
167,buffies,0.0,1.0,0.0,0.0,0.0,0.0,0.0
168,pussy,0.0,0.0,0.0,1.0,0.0,0.0,0.0
169,niggers,0.0,1.0,0.0,0.0,0.0,0.0,0.0
170,nigger,0.0,1.0,0.0,0.0,0.0,0.0,0.0
171,hoser,1.0,0.0,0.0,0.0,0.0,0.0,1.0
172,gorillla,0.0,1.0,0.0,0.0,0.0,0.0,0.0
173,meatball patriots,0.0,1.0,0.0,0.0,0.0,0.0,0.0
174,meatball patriot,0.0,1.0,0.0,0.0,0.0,0.0,0.0
175,feminazis,0.0,0.0,0.0,1.0,0.0,0.0,0.0
176,feminazi,0.0,0.0,0.0,1.0,0.0,0.0,0.0
177,6 gorillion,0.0,1.0,0.0,0.0,0.0,0.0,0.0
178,mocks,0.0,1.0,0.0,0.0,0.0,0.0,0.0
179,injun,0.0,1.0,0.0,0.0,0.0,0.0,0.0
180,Anglo Fool,0.0,0.0,0.0,0.0,0.0,0.0,1.0
181,boujees,0.0,0.0,0.0,0.0,0.0,0.0,1.0
182,boujee,0.0,0.0,0.0,0.0,0.0,0.0,1.0
183,floppies,0.0,1.0,0.0,0.0,0.0,0.0,0.0
184,floppy,0.0,1.0,0.0,0.0,0.0,0.0,0.0
185,nigger-rig,0.0,1.0,0.0,0.0,0.0,0.0,0.0
186,half bred,0.0,1.0,0.0,0.0,0.0,0.0,0.0
187,gookies,0.0,1.0,0.0,0.0,0.0,0.0,0.0
188,gookie,1.0,1.0,0.0,0.0,0.0,0.0,0.0
189,goloids,0.0,1.0,0.0,0.0,0.0,0.0,0.0
190,goloid,0.0,1.0,0.0,0.0,0.0,0.0,0.0
191,ginks,0.0,1.0,0.0,0.0,0.0,0.0,0.0
192,gink,0.0,1.0,0.0,0.0,0.0,0.0,0.0
193,gas huffers,0.0,1.0,0.0,0.0,0.0,0.0,0.0
194,gas huffer,0.0,1.0,0.0,0.0,0.0,0.0,0.0
195,featherheads,0.0,1.0,0.0,0.0,0.0,0.0,0.0
196,featherhead,0.0,1.0,0.0,0.0,0.0,0.0,0.0
197,border bandito,1.0,1.0,0.0,0.0,0.0,0.0,0.0
198,boogats,0.0,1.0,0.0,0.0,0.0,0.0,0.0
199,boogat,0.0,1.0,0.0,0.0,0.0,0.0,0.0
200,dog eaters,0.0,1.0,0.0,0.0,0.0,0.0,0.0
201,dog eater,0.0,1.0,0.0,0.0,0.0,0.0,0.0
202,alboes,1.0,1.0,0.0,0.0,0.0,0.0,0.0
203,albos,1.0,1.0,0.0,0.0,0.0,0.0,0.0
204,albo,1.0,1.0,0.0,0.0,0.0,0.0,0.0
205,jipsi,0.0,1.0,0.0,0.0,0.0,0.0,0.0
206,gypsi,0.0,1.0,0.0,0.0,0.0,0.0,0.0
207,Chad Thundercocks,0.0,0.0,0.0,1.0,0.0,0.0,0.0
208,Chads,0.0,0.0,0.0,1.0,0.0,0.0,0.0
209,Chad Thundercock,0.0,0.0,0.0,1.0,0.0,0.0,0.0
210,Chad,0.0,0.0,0.0,1.0,0.0,0.0,0.0
211,bimbo,0.0,0.0,0.0,1.0,0.0,0.0,0.0
212,himbo,0.0,0.0,0.0,1.0,0.0,0.0,0.0
213,machosexual,0.0,0.0,0.0,1.0,0.0,0.0,0.0
214,gopniks,0.0,0.0,0.0,0.0,0.0,0.0,1.0
215,skeets,0.0,0.0,0.0,0.0,0.0,0.0,1.0
216,skeet,0.0,0.0,0.0,0.0,0.0,0.0,1.0
217,dresiarz,0.0,0.0,0.0,0.0,0.0,0.0,1.0
218,dres,0.0,0.0,0.0,0.0,0.0,0.0,1.0
219,gopnik,0.0,0.0,0.0,0.0,0.0,0.0,1.0
220,Freá¸¥a,0.0,0.0,0.0,0.0,0.0,0.0,1.0
221,arsit,0.0,0.0,0.0,0.0,0.0,0.0,1.0
222,arsim,0.0,0.0,0.0,0.0,0.0,0.0,1.0
223,ars,0.0,0.0,0.0,0.0,0.0,0.0,1.0
224,Sloane Rangers,0.0,0.0,0.0,0.0,0.0,0.0,1.0
225,Sloane Ranger,0.0,0.0,0.0,0.0,0.0,0.0,1.0
226,Hoorah Henriettas,0.0,0.0,0.0,0.0,0.0,0.0,1.0
227,Hoorah Henrietta,0.0,0.0,0.0,0.0,0.0,0.0,1.0
228,Hooray Henriettas,0.0,0.0,0.0,0.0,0.0,0.0,1.0
229,Hooray Henrietta,0.0,0.0,0.0,0.0,0.0,0.0,1.0
230,Hoorah Henries,0.0,0.0,0.0,0.0,0.0,0.0,1.0
231,Hoorah Henry,0.0,0.0,0.0,0.0,0.0,0.0,1.0
232,Hooray Henries,0.0,0.0,0.0,0.0,0.0,0.0,1.0
233,Hooray Henry,0.0,0.0,0.0,0.0,0.0,0.0,1.0
234,toffs,0.0,0.0,0.0,0.0,0.0,0.0,1.0
235,toff,0.0,0.0,0.0,0.0,0.0,0.0,1.0
236,gey,0.0,0.0,0.0,0.0,1.0,0.0,0.0
237,yellow cabs,1.0,1.0,0.0,1.0,0.0,0.0,0.0
238,yellow cab,1.0,1.0,0.0,1.0,0.0,0.0,0.0
239,lipstick lesbian,0.0,0.0,0.0,0.0,1.0,0.0,0.0
240,zhidovka,0.0,1.0,0.0,0.0,0.0,0.0,0.0
241,zhydovka,0.0,1.0,0.0,0.0,0.0,0.0,0.0
242,zhid,0.0,1.0,0.0,0.0,0.0,0.0,0.0
243,zhyd,0.0,1.0,0.0,0.0,0.0,0.0,0.0
244,virago,0.0,0.0,0.0,1.0,0.0,0.0,0.0
245,cock tease,0.0,0.0,0.0,1.0,0.0,0.0,0.0
246,Beckies,0.0,0.0,0.0,1.0,0.0,0.0,0.0
247,Beckys,0.0,0.0,0.0,1.0,0.0,0.0,0.0
248,Becky,0.0,0.0,0.0,1.0,0.0,0.0,0.0
249,bull dykes,0.0,0.0,0.0,0.0,1.0,0.0,0.0
250,bull dyke,0.0,0.0,0.0,0.0,1.0,0.0,0.0
251,lavender mafia,0.0,0.0,0.0,0.0,1.0,0.0,0.0
252,velvet mafia,0.0,0.0,0.0,0.0,1.0,0.0,0.0
253,gay mafia,0.0,0.0,0.0,0.0,1.0,0.0,0.0
254,Homintern,0.0,0.0,0.0,0.0,1.0,0.0,0.0
255,batimen,0.0,0.0,0.0,0.0,1.0,0.0,0.0
256,batiman,0.0,0.0,0.0,0.0,1.0,0.0,0.0
257,battymen,0.0,0.0,0.0,0.0,1.0,0.0,0.0
258,battyman,0.0,0.0,0.0,0.0,1.0,0.0,0.0
259,chi chi bwoys,0.0,0.0,0.0,0.0,1.0,0.0,0.0
260,chi chi bwoy,0.0,0.0,0.0,0.0,1.0,0.0,0.0
261,chi chi men,0.0,0.0,0.0,0.0,1.0,0.0,0.0
262,chi chi man,0.0,0.0,0.0,0.0,1.0,0.0,0.0
263,batty men,0.0,0.0,0.0,0.0,1.0,0.0,0.0
264,batty man,0.0,0.0,0.0,0.0,1.0,0.0,0.0
265,batty bwoys,0.0,0.0,0.0,0.0,1.0,0.0,0.0
266,batty bwoy,0.0,0.0,0.0,0.0,1.0,0.0,0.0
267,batty boys,0.0,0.0,0.0,0.0,1.0,0.0,0.0
268,batty boy,0.0,0.0,0.0,0.0,1.0,0.0,0.0
269,papishers,0.0,0.0,1.0,0.0,0.0,0.0,0.0
270,papisher,0.0,0.0,1.0,0.0,0.0,0.0,0.0
271,gingettes,0.0,1.0,0.0,0.0,0.0,0.0,0.0
272,gingette,0.0,1.0,0.0,0.0,0.0,0.0,0.0
273,good goys,0.0,1.0,0.0,0.0,0.0,0.0,0.0
274,gheys,0.0,0.0,0.0,0.0,1.0,0.0,0.0
275,fruities,0.0,0.0,0.0,0.0,1.0,0.0,0.0
276,flipettes,1.0,0.0,0.0,0.0,0.0,0.0,0.0
277,flipette,1.0,0.0,0.0,0.0,0.0,0.0,0.0
278,fagdicks,0.0,0.0,0.0,0.0,1.0,0.0,0.0
279,fagdick,0.0,0.0,0.0,0.0,1.0,0.0,0.0
280,fagshits,0.0,0.0,0.0,0.0,1.0,0.0,0.0
281,fagshit,0.0,0.0,0.0,0.0,1.0,0.0,0.0
282,dinkladies,1.0,1.0,0.0,1.0,0.0,0.0,0.0
283,dinklady,1.0,1.0,0.0,1.0,0.0,0.0,0.0
284,durka durkas,0.0,1.0,1.0,0.0,0.0,0.0,0.0
285,durka durka,0.0,1.0,1.0,0.0,0.0,0.0,0.0
286,derka derkas,0.0,1.0,1.0,0.0,0.0,0.0,0.0
287,degettes,0.0,1.0,0.0,1.0,0.0,0.0,0.0
288,degette,0.0,1.0,0.0,1.0,0.0,0.0,0.0
289,dagettes,0.0,1.0,0.0,1.0,0.0,0.0,0.0
290,dagette,0.0,1.0,0.0,0.0,0.0,0.0,0.0
291,closet dykes,0.0,0.0,0.0,0.0,1.0,0.0,0.0
292,closet dyke,0.0,0.0,0.0,0.0,1.0,0.0,0.0
293,black dagoes,1.0,1.0,0.0,0.0,0.0,0.0,0.0
294,border baby,0.0,1.0,0.0,0.0,0.0,0.0,0.0
295,border babies,0.0,1.0,0.0,0.0,0.0,0.0,0.0
296,chavettes,0.0,0.0,0.0,0.0,0.0,0.0,1.0
297,chavette,0.0,0.0,0.0,0.0,0.0,0.0,1.0
298,carrot snaps,0.0,0.0,1.0,0.0,0.0,0.0,1.0
299,carrot snap,0.0,0.0,1.0,0.0,0.0,0.0,1.0
300,buckrettes,0.0,1.0,0.0,0.0,0.0,0.0,0.0
301,buckrette,0.0,1.0,0.0,0.0,0.0,0.0,0.0
302,gingies,0.0,1.0,0.0,0.0,0.0,0.0,0.0
303,gingie,0.0,1.0,0.0,0.0,0.0,0.0,0.0
304,gingy,0.0,1.0,0.0,0.0,0.0,0.0,0.0
305,gasher,0.0,0.0,0.0,1.0,0.0,0.0,0.0
306,fruity,0.0,0.0,0.0,0.0,1.0,0.0,0.0
307,cunter,0.0,0.0,0.0,1.0,0.0,0.0,0.0
308,chimp packs,0.0,1.0,0.0,0.0,0.0,0.0,0.0
309,Charly,1.0,1.0,0.0,0.0,0.0,0.0,0.0
310,Charlies,1.0,1.0,0.0,0.0,0.0,0.0,0.0
311,buffy,0.0,1.0,0.0,0.0,0.0,0.0,0.0
312,buckers,0.0,1.0,0.0,0.0,0.0,0.0,0.0
313,bucker,0.0,1.0,0.0,0.0,0.0,0.0,0.0
314,ban and can,1.0,0.0,0.0,0.0,0.0,0.0,0.0
315,cans and bans,1.0,0.0,0.0,0.0,0.0,0.0,0.0
316,can and ban,1.0,0.0,0.0,0.0,0.0,0.0,0.0
317,Annies,0.0,1.0,0.0,0.0,0.0,0.0,0.0
318,cohees,1.0,0.0,0.0,0.0,0.0,0.0,1.0
319,cohee,1.0,0.0,0.0,0.0,0.0,0.0,1.0
320,yellowhammer,1.0,0.0,0.0,0.0,0.0,0.0,1.0
321,Okies,1.0,0.0,0.0,0.0,0.0,0.0,1.0
322,Okie,1.0,0.0,0.0,0.0,0.0,0.0,0.0
323,Massholes,1.0,0.0,0.0,0.0,0.0,0.0,0.0
324,Masshole,1.0,0.0,0.0,0.0,0.0,0.0,0.0
325,Madrasi,1.0,0.0,0.0,0.0,0.0,0.0,0.0
326,JAFAs,1.0,0.0,0.0,0.0,0.0,0.0,0.0
327,JAFA,1.0,0.0,0.0,0.0,0.0,0.0,0.0
328,jackeens,1.0,1.0,0.0,0.0,0.0,0.0,1.0
329,jackeen,1.0,1.0,0.0,0.0,0.0,0.0,1.0
330,culchies,1.0,1.0,0.0,0.0,0.0,0.0,1.0
331,culchie,1.0,1.0,0.0,0.0,0.0,0.0,1.0
332,croweaters,1.0,0.0,0.0,0.0,0.0,0.0,0.0
333,croweater,1.0,0.0,0.0,0.0,0.0,0.0,0.0
334,Biharis,1.0,1.0,0.0,0.0,0.0,0.0,0.0
335,Bihari,1.0,1.0,0.0,0.0,0.0,0.0,0.0
336,hatzis,0.0,1.0,0.0,0.0,0.0,0.0,0.0
337,hatzi,0.0,1.0,0.0,0.0,0.0,0.0,0.0
338,hajjis,0.0,1.0,0.0,0.0,0.0,0.0,0.0
339,hajis,0.0,1.0,0.0,0.0,0.0,0.0,0.0
340,hadjis,0.0,1.0,0.0,0.0,0.0,0.0,0.0
341,hajji,0.0,1.0,0.0,0.0,0.0,0.0,0.0
342,haji,0.0,1.0,0.0,0.0,0.0,0.0,0.0
343,hadji,0.0,1.0,0.0,0.0,0.0,0.0,0.0
344,mussies,0.0,0.0,1.0,0.0,0.0,0.0,0.0
345,mussie,0.0,0.0,1.0,0.0,0.0,0.0,0.0
346,Fenians,1.0,1.0,1.0,0.0,0.0,0.0,0.0
347,Fenian,1.0,1.0,1.0,0.0,0.0,0.0,0.0
348,da goyim know,0.0,1.0,0.0,0.0,0.0,0.0,0.0
349,the goyim know,0.0,1.0,0.0,0.0,0.0,0.0,0.0
350,good goy,0.0,1.0,0.0,0.0,0.0,0.0,0.0
351,jigros,0.0,1.0,0.0,0.0,0.0,0.0,0.0
352,pickinninys,0.0,1.0,0.0,0.0,0.0,0.0,0.0
353,piccaninnys,0.0,1.0,0.0,0.0,0.0,0.0,0.0
354,piccaninnies,0.0,1.0,0.0,0.0,0.0,0.0,0.0
355,picaninnys,0.0,1.0,0.0,0.0,0.0,0.0,0.0
356,pickaninnies,0.0,1.0,0.0,0.0,0.0,0.0,0.0
357,pickinninies,0.0,1.0,0.0,0.0,0.0,0.0,0.0
358,pickinniny,0.0,1.0,0.0,0.0,0.0,0.0,0.0
359,piccaninny,0.0,1.0,0.0,0.0,0.0,0.0,0.0
360,picaninnies,0.0,1.0,0.0,0.0,0.0,0.0,0.0
361,picaninny,0.0,1.0,0.0,0.0,0.0,0.0,0.0
362,Zio,1.0,1.0,1.0,0.0,0.0,0.0,0.0
363,tynker,0.0,1.0,0.0,0.0,0.0,0.0,0.0
364,tree jumper,0.0,0.0,0.0,0.0,0.0,0.0,1.0
365,tinkar,0.0,1.0,0.0,0.0,0.0,0.0,0.0
366,tinkere,0.0,1.0,0.0,0.0,0.0,0.0,0.0
367,tincker,0.0,1.0,0.0,0.0,0.0,0.0,0.0
368,spink,1.0,1.0,0.0,0.0,0.0,0.0,0.0
369,spik,0.0,1.0,0.0,0.0,0.0,0.0,0.0
370,spig,0.0,1.0,0.0,0.0,0.0,0.0,0.0
371,spick,0.0,1.0,0.0,0.0,0.0,0.0,0.0
372,spaz,0.0,0.0,0.0,0.0,0.0,1.0,0.0
373,smoke jumper,0.0,1.0,0.0,0.0,0.0,0.0,0.0
374,slopey,0.0,1.0,0.0,0.0,0.0,0.0,0.0
375,slags,0.0,0.0,0.0,0.0,0.0,0.0,1.0
376,shit kicker,0.0,0.0,0.0,0.0,0.0,0.0,1.0
377,shit heel,0.0,1.0,0.0,0.0,0.0,0.0,0.0
378,shant,1.0,0.0,0.0,0.0,0.0,0.0,1.0
379,seppo,1.0,0.0,0.0,0.0,0.0,0.0,0.0
380,sawney,1.0,0.0,0.0,0.0,0.0,0.0,0.0
381,rubes,0.0,0.0,0.0,0.0,0.0,0.0,1.0
382,poppadom,0.0,1.0,0.0,0.0,0.0,0.0,0.0
383,nitchy,0.0,1.0,0.0,0.0,0.0,0.0,0.0
384,nichiwa,0.0,1.0,0.0,0.0,0.0,0.0,0.0
385,negro,0.0,1.0,0.0,0.0,0.0,0.0,0.0
386,neejee,0.0,1.0,0.0,0.0,0.0,0.0,0.0
387,nitchie,0.0,1.0,0.0,0.0,0.0,0.0,0.0
388,neechee,0.0,1.0,0.0,0.0,0.0,0.0,0.0
389,mong,0.0,0.0,0.0,0.0,0.0,1.0,0.0
390,sheeny,0.0,1.0,0.0,0.0,0.0,0.0,0.0
391,niggerdick,0.0,1.0,0.0,0.0,0.0,0.0,0.0
392,niggerdicks,0.0,1.0,0.0,0.0,0.0,0.0,0.0
393,niggerton,0.0,1.0,0.0,0.0,0.0,0.0,0.0
394,niggertown,0.0,1.0,0.0,0.0,0.0,0.0,0.0
395,niggerville,0.0,1.0,0.0,0.0,0.0,0.0,0.0
396,retarded,0.0,0.0,0.0,0.0,0.0,1.0,0.0
397,shekelnose,0.0,1.0,1.0,0.0,0.0,0.0,0.0
398,lefty,0.0,1.0,0.0,0.0,0.0,0.0,0.0
399,kikesberg,0.0,1.0,1.0,0.0,0.0,0.0,0.0
400,jigroes,0.0,1.0,0.0,0.0,0.0,0.0,0.0
401,jigro,0.0,1.0,0.0,0.0,0.0,0.0,0.0
402,hoodrats,0.0,1.0,0.0,1.0,0.0,0.0,1.0
403,hoodrat,0.0,1.0,0.0,1.0,0.0,0.0,1.0
404,golliwog,0.0,1.0,0.0,0.0,0.0,0.0,0.0
405,pisslam,0.0,0.0,1.0,0.0,0.0,0.0,0.0
406,Ahab,0.0,1.0,0.0,0.0,0.0,0.0,0.0
407,dinks,1.0,1.0,0.0,0.0,0.0,0.0,0.0
408,dink,1.0,1.0,0.0,0.0,0.0,0.0,0.0
409,bans and cans,1.0,1.0,0.0,0.0,0.0,0.0,0.0
410,muslimic,0.0,1.0,1.0,0.0,0.0,0.0,0.0
411,gender nigger,0.0,0.0,0.0,1.0,0.0,0.0,0.0
412,dot head,1.0,1.0,0.0,0.0,0.0,0.0,0.0
413,dogan,1.0,0.0,1.0,0.0,0.0,0.0,0.0
414,cripples,0.0,0.0,0.0,0.0,0.0,1.0,0.0
415,chinks,1.0,0.0,0.0,0.0,0.0,0.0,0.0
416,boojie,0.0,1.0,0.0,0.0,0.0,0.0,1.0
417,black dago,1.0,1.0,0.0,0.0,0.0,0.0,0.0
418,bitches,0.0,0.0,0.0,1.0,0.0,0.0,0.0
419,bitch,0.0,0.0,0.0,1.0,0.0,0.0,0.0
420,jit,0.0,1.0,0.0,0.0,0.0,0.0,0.0
421,toad,0.0,1.0,0.0,0.0,0.0,0.0,0.0
422,khazar,1.0,1.0,1.0,0.0,0.0,0.0,0.0
423,Zionazi,1.0,1.0,1.0,0.0,0.0,0.0,0.0
424,kike,0.0,1.0,1.0,0.0,0.0,0.0,0.0
425,sand niglet,0.0,1.0,0.0,0.0,0.0,0.0,0.0
426,sand niglets,0.0,1.0,0.0,0.0,0.0,0.0,0.0
427,Zionazis,1.0,0.0,1.0,0.0,0.0,0.0,0.0
428,zipperheads,0.0,1.0,0.0,0.0,0.0,0.0,0.0
429,zippoheads,0.0,1.0,0.0,0.0,0.0,0.0,0.0
430,zips,0.0,1.0,0.0,0.0,0.0,0.0,0.0
431,ZOG lovers,0.0,1.0,0.0,0.0,0.0,0.0,0.0
432,zebras,0.0,1.0,0.0,0.0,0.0,0.0,0.0
433,zigabos,0.0,1.0,0.0,0.0,0.0,0.0,0.0
434,ziojews,0.0,1.0,1.0,0.0,0.0,0.0,0.0
435,yellow invaders,0.0,1.0,0.0,0.0,0.0,0.0,0.0
436,yellows,0.0,1.0,0.0,0.0,0.0,0.0,0.0
437,yids,0.0,1.0,0.0,0.0,0.0,0.0,0.0
438,yobbos,0.0,0.0,0.0,0.0,0.0,0.0,1.0
439,yobs,0.0,0.0,0.0,0.0,0.0,0.0,1.0
440,Yanks,1.0,0.0,0.0,0.0,0.0,0.0,0.0
441,yard apes,0.0,1.0,0.0,0.0,0.0,0.0,0.0
442,yardies,1.0,1.0,0.0,0.0,0.0,0.0,1.0
443,yellow bones,0.0,1.0,0.0,0.0,0.0,0.0,0.0
444,wogs,1.0,1.0,0.0,0.0,0.0,0.0,0.0
445,wops,1.0,0.0,0.0,0.0,0.0,0.0,0.0
446,wopspeak,0.0,1.0,0.0,0.0,0.0,0.0,0.0
447,Yankees,1.0,0.0,0.0,0.0,0.0,0.0,0.0
448,wiggas,1.0,1.0,0.0,0.0,0.0,0.0,0.0
449,wiggerettes,1.0,1.0,0.0,0.0,0.0,0.0,0.0
450,wiggers,1.0,1.0,0.0,0.0,0.0,0.0,0.0
451,winks,0.0,1.0,0.0,0.0,0.0,0.0,0.0
452,whiggers,1.0,1.0,0.0,0.0,0.0,0.0,0.0
453,white niggers,1.0,1.0,0.0,0.0,0.0,0.0,0.0
454,whities,0.0,1.0,0.0,0.0,0.0,0.0,0.0
455,WICs,0.0,1.0,1.0,0.0,0.0,0.0,0.0
456,wegroes,0.0,1.0,0.0,0.0,0.0,0.0,0.0
457,wetbacks,0.0,1.0,0.0,0.0,0.0,0.0,0.0
458,wexicans,1.0,1.0,0.0,0.0,0.0,0.0,0.0
459,whiggas,0.0,1.0,0.0,0.0,0.0,0.0,0.0
460,WASPs,0.0,1.0,1.0,0.0,0.0,0.0,0.0
461,uncircumcised baboons,0.0,1.0,0.0,0.0,0.0,0.0,0.0
462,Uncle Toms,0.0,1.0,0.0,0.0,0.0,0.0,0.0
463,Velcro heads,0.0,1.0,0.0,0.0,0.0,0.0,0.0
464,wagon burners,0.0,1.0,0.0,0.0,0.0,0.0,0.0
465,tynkers,0.0,1.0,0.0,0.0,0.0,0.0,0.0
466,Ubangees,0.0,1.0,0.0,0.0,0.0,0.0,0.0
467,Ubangis,0.0,1.0,0.0,0.0,0.0,0.0,0.0
468,tyncars,0.0,1.0,0.0,0.0,0.0,0.0,0.0
469,tynekeres,0.0,1.0,0.0,0.0,0.0,0.0,0.0
470,tynkards,0.0,1.0,0.0,0.0,0.0,0.0,0.0
471,tynkares,0.0,1.0,0.0,0.0,0.0,0.0,0.0
472,tynkeres,0.0,1.0,0.0,0.0,0.0,0.0,0.0
473,tree niggers,0.0,1.0,0.0,0.0,0.0,0.0,0.0
474,tunnel diggers,1.0,1.0,0.0,0.0,0.0,0.0,0.0
475,twats,0.0,0.0,0.0,1.0,0.0,0.0,0.0
476,Twinkies,0.0,1.0,0.0,0.0,0.0,0.0,0.0
477,towel heads,0.0,1.0,0.0,0.0,0.0,0.0,0.0
478,trannies,0.0,0.0,0.0,1.0,0.0,0.0,0.0
479,tree jumpers,0.0,0.0,0.0,0.0,0.0,0.0,1.0
480,tinkars,0.0,1.0,0.0,0.0,0.0,0.0,0.0
481,tinkeres,0.0,1.0,0.0,0.0,0.0,0.0,0.0
482,tinkers,0.0,1.0,0.0,0.0,0.0,0.0,0.0
483,Tommies,1.0,0.0,0.0,0.0,0.0,0.0,0.0
484,tigers,0.0,1.0,0.0,0.0,0.0,0.0,0.0
485,timber niggers,0.0,1.0,0.0,0.0,0.0,0.0,0.0
486,tinckers,0.0,1.0,0.0,0.0,0.0,0.0,0.0
487,tinkards,0.0,1.0,0.0,0.0,0.0,0.0,0.0
488,teapots,0.0,1.0,0.0,0.0,0.0,0.0,0.0
489,tenkers,0.0,1.0,0.0,0.0,0.0,0.0,0.0
490,tard,0.0,0.0,0.0,0.0,0.0,1.0,0.0
491,tarded,0.0,0.0,0.0,0.0,0.0,1.0,0.0
492,tards,0.0,0.0,0.0,0.0,0.0,1.0,0.0
493,suntans,0.0,1.0,0.0,0.0,0.0,0.0,0.0
494,taco niggers,0.0,1.0,0.0,0.0,0.0,0.0,0.0
495,Taffys,1.0,1.0,0.0,0.0,0.0,0.0,0.0
496,tans,1.0,0.0,0.0,0.0,0.0,0.0,0.0
497,tar babies,0.0,1.0,0.0,0.0,0.0,0.0,0.0
498,squinties,0.0,1.0,0.0,0.0,0.0,0.0,0.0
499,steeks,0.0,0.0,0.0,0.0,0.0,0.0,1.0
500,stovepipes,0.0,1.0,0.0,0.0,0.0,0.0,0.0
501,stump jumpers,0.0,0.0,0.0,0.0,0.0,0.0,1.0
502,spivs,0.0,0.0,0.0,0.0,0.0,0.0,1.0
503,spooks,0.0,1.0,0.0,0.0,0.0,0.0,0.0
504,squareheads,1.0,1.0,0.0,0.0,0.0,0.0,0.0
505,squaws,0.0,1.0,0.0,0.0,0.0,0.0,0.0
506,spiggotties,0.0,1.0,0.0,0.0,0.0,0.0,0.0
507,spigs,0.0,1.0,0.0,0.0,0.0,0.0,0.0
508,spikes,0.0,0.0,1.0,0.0,0.0,0.0,0.0
509,spiks,0.0,1.0,0.0,0.0,0.0,0.0,0.0
510,spicspeak,0.0,1.0,0.0,0.0,0.0,0.0,0.0
511,spides,0.0,0.0,0.0,0.0,0.0,0.0,1.0
512,spiggers,0.0,1.0,0.0,0.0,0.0,0.0,0.0
513,spickish,0.0,1.0,0.0,0.0,0.0,0.0,0.0
514,spiclet,0.0,1.0,0.0,0.0,0.0,0.0,0.0
515,spics,0.0,1.0,0.0,0.0,0.0,0.0,0.0
516,spicish,0.0,1.0,0.0,0.0,0.0,0.0,0.0
517,spickaboos,0.0,1.0,0.0,0.0,0.0,0.0,0.0
518,spades,0.0,1.0,0.0,0.0,0.0,0.0,0.0
519,spear chuckers,0.0,1.0,0.0,0.0,0.0,0.0,0.0
520,spergs,0.0,0.0,0.0,0.0,0.0,1.0,0.0
521,spice niggers,0.0,1.0,0.0,0.0,0.0,0.0,0.0
522,snowflakes,0.0,1.0,0.0,0.0,0.0,0.0,0.0
523,soles,1.0,1.0,0.0,0.0,0.0,0.0,0.0
524,sooties,0.0,1.0,0.0,0.0,0.0,0.0,0.0
525,soup takers,1.0,0.0,1.0,0.0,0.0,0.0,0.0
526,Southern fairies,0.0,0.0,0.0,0.0,0.0,0.0,0.0
527,smoke jumpers,0.0,1.0,0.0,0.0,0.0,0.0,0.0
528,smoked Irishmen,1.0,1.0,0.0,0.0,0.0,0.0,0.0
529,snouts,1.0,0.0,1.0,0.0,0.0,0.0,0.0
530,slopes,0.0,1.0,0.0,0.0,0.0,0.0,0.0
531,slopies,0.0,1.0,0.0,0.0,0.0,0.0,0.0
532,smicks,1.0,1.0,0.0,0.0,0.0,0.0,1.0
533,slants,0.0,1.0,0.0,0.0,0.0,0.0,0.0
534,slaves,0.0,1.0,0.0,0.0,0.0,0.0,0.0
535,slits,0.0,1.0,0.0,0.0,0.0,0.0,0.0
536,slopeheads,0.0,1.0,0.0,0.0,0.0,0.0,0.0
537,Skippies,1.0,1.0,0.0,0.0,0.0,0.0,0.0
538,Skips,1.0,1.0,0.0,0.0,0.0,0.0,0.0
539,slant eyes,0.0,1.0,0.0,0.0,0.0,0.0,0.0
540,sideways vaginas,1.0,1.0,0.0,0.0,0.0,0.0,0.0
541,skags,0.0,0.0,0.0,1.0,0.0,0.0,1.0
542,skangers,0.0,0.0,0.0,0.0,0.0,0.0,1.0
543,skinnie,1.0,1.0,0.0,0.0,0.0,0.0,0.0
544,skinnies,1.0,0.0,0.0,0.0,0.0,0.0,0.0
545,shit kickers,0.0,0.0,0.0,0.0,0.0,0.0,1.0
546,sideways cooters,1.0,1.0,0.0,0.0,0.0,0.0,0.0
547,sideways pussies,1.0,1.0,0.0,0.0,0.0,0.0,0.0
548,shiners,0.0,1.0,0.0,0.0,0.0,0.0,0.0
549,shines,0.0,1.0,0.0,0.0,0.0,0.0,0.0
550,shit heels,0.0,1.0,0.0,0.0,0.0,0.0,0.0
551,Sheltas,1.0,1.0,0.0,0.0,0.0,0.0,0.0
552,shemales,0.0,0.0,0.0,1.0,1.0,0.0,0.0
553,sheboons,0.0,1.0,0.0,0.0,0.0,0.0,0.0
554,sheenies,0.0,1.0,0.0,0.0,0.0,0.0,0.0
555,sheepfuckers,1.0,0.0,0.0,0.0,0.0,0.0,0.0
556,sengas,0.0,0.0,0.0,0.0,0.0,0.0,1.0
557,seppos,1.0,0.0,0.0,0.0,0.0,0.0,0.0
558,septics,1.0,0.0,0.0,0.0,0.0,0.0,0.0
559,shades,0.0,1.0,0.0,0.0,0.0,0.0,0.0
560,shants,1.0,0.0,0.0,0.0,0.0,0.0,1.0
561,scobes,0.0,0.0,0.0,0.0,0.0,0.0,1.0
562,scuffers,0.0,0.0,0.0,0.0,0.0,0.0,1.0
563,semiholes,0.0,1.0,0.0,0.0,0.0,0.0,0.0
564,sawnies,1.0,0.0,0.0,0.0,0.0,0.0,0.0
565,scags,0.0,0.0,0.0,1.0,0.0,0.0,1.0
566,scallies,0.0,0.0,0.0,0.0,0.0,0.0,1.0
567,scangers,0.0,0.0,0.0,0.0,0.0,0.0,1.0
568,sand nips,0.0,1.0,0.0,0.0,0.0,0.0,0.0
569,sand niggerette,0.0,1.0,0.0,1.0,0.0,0.0,0.0
570,sand niggerettes,0.0,1.0,0.0,1.0,0.0,0.0,0.0
571,sand niggers,1.0,1.0,0.0,0.0,0.0,0.0,0.0
572,Russellites,0.0,0.0,1.0,0.0,0.0,0.0,0.0
573,sambos,0.0,1.0,0.0,0.0,0.0,0.0,0.0
574,sand monkey,0.0,1.0,1.0,0.0,0.0,0.0,0.0
575,sand monkeys,0.0,1.0,1.0,0.0,0.0,0.0,0.0
576,rice niggers,0.0,1.0,0.0,0.0,0.0,0.0,0.0
577,ricepickers,1.0,1.0,0.0,0.0,0.0,0.0,0.0
578,roofuckers,1.0,1.0,0.0,0.0,0.0,0.0,0.0
579,roundeyes,0.0,1.0,0.0,0.0,0.0,0.0,0.0
580,Rhine monkeys,1.0,0.0,0.0,0.0,0.0,0.0,0.0
581,Rhineland bastard,0.0,1.0,0.0,0.0,0.0,0.0,0.0
582,Rhineland bastards,0.0,1.0,0.0,0.0,0.0,0.0,0.0
583,red niggers,0.0,1.0,0.0,0.0,0.0,0.0,0.0
584,rednecks,0.0,0.0,0.0,0.0,0.0,0.0,1.0
585,redskins,0.0,1.0,0.0,0.0,0.0,0.0,0.0
586,retardeds,0.0,0.0,0.0,0.0,0.0,1.0,0.0
587,retards,0.0,0.0,0.0,0.0,0.0,1.0,0.0
588,race traitors,0.0,1.0,0.0,0.0,0.0,0.0,0.0
589,ragheads,0.0,1.0,0.0,0.0,0.0,0.0,0.0
590,red bones,0.0,1.0,0.0,0.0,0.0,0.0,0.0
591,quadroons,0.0,1.0,0.0,0.0,0.0,0.0,0.0
592,quashies,0.0,1.0,0.0,0.0,0.0,0.0,0.0
593,queens,0.0,0.0,0.0,0.0,1.0,0.0,0.0
594,queers,0.0,0.0,0.0,0.0,1.0,0.0,0.0
595,proddy dogs,0.0,0.0,1.0,0.0,0.0,0.0,0.0
596,proddywhoddies,0.0,0.0,1.0,0.0,0.0,0.0,0.0
597,proddywoddies,0.0,0.0,1.0,0.0,0.0,0.0,0.0
598,prods,0.0,0.0,1.0,0.0,0.0,0.0,0.0
599,pussies,0.0,0.0,0.0,1.0,0.0,0.0,0.0
600,prairie niggers,0.0,1.0,0.0,0.0,0.0,0.0,0.0
601,poms,1.0,0.0,0.0,0.0,0.0,0.0,0.0
602,popolos,0.0,1.0,0.0,0.0,0.0,0.0,0.0
603,poppadoms,0.0,1.0,0.0,0.0,0.0,0.0,0.0
604,porch monkeys,0.0,1.0,0.0,0.0,0.0,0.0,0.0
605,powderburns,0.0,1.0,0.0,0.0,0.0,0.0,0.0
606,polacks,1.0,0.0,0.0,0.0,0.0,0.0,0.0
607,pollos,0.0,1.0,0.0,0.0,0.0,0.0,0.0
608,pommie grants,1.0,0.0,0.0,0.0,0.0,0.0,0.0
609,pommies,1.0,0.0,0.0,0.0,0.0,0.0,0.0
610,pohms,1.0,0.0,0.0,0.0,0.0,0.0,0.0
611,pointy heads,0.0,1.0,0.0,0.0,0.0,0.0,0.0
612,pineapple niggers,0.0,1.0,0.0,0.0,0.0,0.0,0.0
613,ping pangs,0.0,1.0,0.0,0.0,0.0,0.0,0.0
614,pintos,0.0,1.0,0.0,0.0,0.0,0.0,0.0
615,plastic paddies,1.0,1.0,0.0,0.0,0.0,0.0,0.0
616,pogues,1.0,1.0,0.0,0.0,0.0,0.0,0.0
617,Pepsis,1.0,1.0,0.0,0.0,0.0,0.0,0.0
618,pickaninnys,0.0,1.0,0.0,0.0,0.0,0.0,0.0
619,pikers,1.0,1.0,0.0,0.0,0.0,0.0,0.0
620,pikeys,1.0,1.0,0.0,0.0,0.0,0.0,0.0
621,papists,0.0,0.0,1.0,0.0,0.0,0.0,0.0
622,papooses,0.0,1.0,0.0,0.0,0.0,0.0,0.0
623,pavement apes,0.0,1.0,0.0,0.0,0.0,0.0,0.0
624,peckerwoods,0.0,1.0,0.0,0.0,0.0,0.0,0.0
625,Peppers,1.0,1.0,0.0,0.0,0.0,0.0,0.0
626,pancake faces,0.0,1.0,0.0,0.0,0.0,0.0,0.0
627,pancakes,0.0,1.0,0.0,0.0,0.0,0.0,0.0
628,pakis,1.0,1.0,0.0,0.0,0.0,0.0,0.0
629,palefaces,0.0,1.0,0.0,0.0,0.0,0.0,0.0
630,Orientals,0.0,1.0,0.0,0.0,0.0,0.0,0.0
631,oven dodgers,0.0,1.0,1.0,0.0,0.0,0.0,0.0
632,paddies,1.0,1.0,0.0,0.0,0.0,0.0,0.0
633,Pakiland,1.0,0.0,0.0,0.0,0.0,0.0,0.0
634,Orangies,0.0,0.0,1.0,0.0,0.0,0.0,0.0
635,Oreos,0.0,1.0,0.0,0.0,0.0,0.0,0.0
636,ockers,1.0,0.0,0.0,0.0,0.0,0.0,0.0
637,octaroons,0.0,1.0,0.0,0.0,0.0,0.0,0.0
638,octroons,0.0,1.0,0.0,0.0,0.0,0.0,0.0
639,ofays,0.0,1.0,0.0,0.0,0.0,0.0,0.0
640,nips,1.0,0.0,0.0,0.0,0.0,0.0,0.0
641,nitchees,0.0,1.0,0.0,0.0,0.0,0.0,0.0
642,nitchies,0.0,1.0,0.0,0.0,0.0,0.0,0.0
643,Northern monkeys,0.0,0.0,0.0,0.0,0.0,0.0,0.0
644,nigras,0.0,1.0,0.0,0.0,0.0,0.0,0.0
645,nigres,0.0,1.0,0.0,0.0,0.0,0.0,0.0
646,nigs,0.0,1.0,0.0,0.0,0.0,0.0,0.0
647,niglette,0.0,1.0,0.0,0.0,0.0,0.0,0.0
648,nigors,0.0,1.0,0.0,0.0,0.0,0.0,0.0
649,nigguhs,0.0,1.0,0.0,0.0,0.0,0.0,0.0
650,niggurs,0.0,1.0,0.0,0.0,0.0,0.0,0.0
651,niglets,0.0,1.0,0.0,0.0,0.0,0.0,0.0
652,niggerization,0.0,1.0,0.0,0.0,0.0,0.0,0.0
653,nigglets,0.0,1.0,0.0,0.0,0.0,0.0,0.0
654,niggors,0.0,1.0,0.0,0.0,0.0,0.0,0.0
655,niggars,0.0,1.0,0.0,0.0,0.0,0.0,0.0
656,niggerettes,0.0,1.0,0.0,0.0,0.0,0.0,0.0
657,nigars,0.0,1.0,0.0,0.0,0.0,0.0,0.0
658,nigers,0.0,1.0,0.0,0.0,0.0,0.0,0.0
659,nigettes,0.0,1.0,0.0,0.0,0.0,0.0,0.0
660,niccas,0.0,1.0,0.0,0.0,0.0,0.0,0.0
661,nichis,0.0,1.0,0.0,0.0,0.0,0.0,0.0
662,nichiwas,0.0,1.0,0.0,0.0,0.0,0.0,0.0
663,nidges,0.0,1.0,0.0,0.0,0.0,0.0,0.0
664,nig nogs,0.0,1.0,0.0,0.0,0.0,0.0,0.0
665,net heads,0.0,1.0,0.0,0.0,0.0,0.0,0.0
666,neds,0.0,0.0,0.0,0.0,0.0,0.0,1.0
667,neechees,0.0,1.0,0.0,0.0,0.0,0.0,0.0
668,neejees,0.0,1.0,0.0,0.0,0.0,0.0,0.0
669,nafris,0.0,1.0,0.0,0.0,0.0,0.0,0.0
670,neches,0.0,1.0,0.0,0.0,0.0,0.0,0.0
671,mutts,0.0,1.0,0.0,0.0,0.0,0.0,0.0
672,muzzies,0.0,0.0,1.0,0.0,0.0,0.0,0.0
673,muzzpigs,0.0,0.0,1.0,0.0,0.0,0.0,0.0
674,muzzrats,0.0,0.0,1.0,0.0,0.0,0.0,0.0
675,nachos,0.0,1.0,0.0,0.0,0.0,0.0,0.0
676,mullatoes,0.0,1.0,0.0,0.0,0.0,0.0,0.0
677,mungs,1.0,1.0,0.0,0.0,0.0,0.0,0.0
678,munters,0.0,1.0,0.0,0.0,0.0,0.0,0.0
679,munts,0.0,1.0,0.0,0.0,0.0,0.0,0.0
680,muks,0.0,1.0,0.0,0.0,0.0,0.0,0.0
681,muktuks,0.0,1.0,0.0,0.0,0.0,0.0,0.0
682,mulatto,0.0,1.0,0.0,0.0,0.0,0.0,0.0
683,mulignans,0.0,1.0,0.0,0.0,0.0,0.0,0.0
684,mud persons,0.0,1.0,0.0,0.0,0.0,0.0,0.0
685,mud sharks,0.0,1.0,0.0,0.0,0.0,0.0,0.0
686,moulinyans,0.0,1.0,0.0,0.0,0.0,0.0,0.0
687,moxies,0.0,1.0,0.0,0.0,0.0,0.0,0.0
688,MTNs,0.0,1.0,0.0,0.0,0.0,0.0,0.0
689,moss eaters,0.0,1.0,0.0,0.0,0.0,0.0,0.0
690,mossheads,0.0,1.0,0.0,0.0,0.0,0.0,0.0
691,moulies,0.0,1.0,0.0,0.0,0.0,0.0,0.0
692,moulignons,0.0,1.0,0.0,0.0,0.0,0.0,0.0
693,moolinyan,0.0,1.0,0.0,0.0,0.0,0.0,0.0
694,moon crickets,0.0,1.0,0.0,0.0,0.0,0.0,0.0
695,Moors,0.0,1.0,0.0,0.0,0.0,0.0,0.0
696,mokies,0.0,1.0,0.0,0.0,0.0,0.0,0.0
697,mongols,0.0,0.0,0.0,0.0,0.0,1.0,0.0
698,mongs,0.0,0.0,0.0,0.0,0.0,1.0,0.0
699,monkeys,0.0,1.0,0.0,0.0,0.0,0.0,0.0
700,mokes,0.0,1.0,0.0,0.0,0.0,0.0,1.0
701,mochs,0.0,1.0,0.0,0.0,0.0,0.0,0.0
702,mockeys,0.0,1.0,0.0,0.0,0.0,0.0,0.0
703,mockies,0.0,1.0,0.0,0.0,0.0,0.0,0.0
704,Mickey Finns,1.0,1.0,0.0,0.0,0.0,0.0,0.0
705,mickeys,1.0,1.0,0.0,0.0,0.0,0.0,0.0
706,micks,1.0,1.0,0.0,0.0,0.0,0.0,0.0
707,mil bags,0.0,0.0,0.0,0.0,0.0,0.0,1.0
708,millies,0.0,0.0,0.0,0.0,0.0,0.0,1.0
709,Merkins,1.0,0.0,0.0,0.0,0.0,0.0,0.0
710,lubras,0.0,0.0,0.0,0.0,0.0,0.0,0.0
711,lugans,1.0,0.0,0.0,0.0,0.0,0.0,0.0
712,mackerel snappers,0.0,0.0,1.0,0.0,0.0,0.0,0.0
713,macks,1.0,1.0,0.0,0.0,0.0,0.0,0.0
714,leprechauns,1.0,0.0,0.0,0.0,0.0,0.0,0.0
715,ling lings,0.0,1.0,0.0,0.0,0.0,0.0,0.0
716,lowlanders,1.0,0.0,0.0,0.0,0.0,0.0,0.0
717,Lebbos,1.0,0.0,0.0,0.0,0.0,0.0,0.0
718,Lebs,1.0,0.0,0.0,0.0,0.0,0.0,0.0
719,lefties,0.0,1.0,0.0,0.0,0.0,0.0,0.0
720,lemonheads,0.0,1.0,0.0,0.0,0.0,0.0,0.0
721,Kushis,0.0,1.0,0.0,0.0,0.0,0.0,0.0
722,Kushites,0.0,1.0,0.0,0.0,0.0,0.0,0.0
723,kykes,0.0,1.0,0.0,0.0,0.0,0.0,0.0
724,latrinos,0.0,1.0,0.0,0.0,0.0,0.0,0.0
725,kunt,0.0,0.0,0.0,1.0,0.0,0.0,0.0
726,kikes,0.0,1.0,0.0,0.0,0.0,0.0,0.0
727,knackers,1.0,1.0,0.0,0.0,0.0,0.0,0.0
728,kneegroes,0.0,1.0,0.0,0.0,0.0,0.0,0.0
729,kotiyas,0.0,1.0,0.0,0.0,0.0,0.0,0.0
730,khazars,0.0,1.0,1.0,0.0,0.0,0.0,0.0
731,jijjiboos,0.0,1.0,0.0,0.0,0.0,0.0,0.0
732,Jits,0.0,1.0,0.0,0.0,0.0,0.0,0.0
733,jockies,0.0,0.0,0.0,0.0,0.0,0.0,0.0
734,jocks,0.0,0.0,0.0,0.0,0.0,0.0,0.0
735,jungle bunnys,0.0,1.0,0.0,0.0,0.0,0.0,0.0
736,jigs,0.0,1.0,0.0,0.0,0.0,0.0,0.0
737,Jihadis,0.0,1.0,1.0,0.0,0.0,0.0,0.0
738,jiggaboos,0.0,1.0,0.0,0.0,0.0,0.0,0.0
739,jiggabos,0.0,1.0,0.0,0.0,0.0,0.0,0.0
740,jigaboos,0.0,1.0,0.0,0.0,0.0,0.0,0.0
741,jigaroonis,0.0,1.0,0.0,0.0,0.0,0.0,0.0
742,jewbagg,0.0,1.0,1.0,0.0,0.0,0.0,0.0
743,jhants,0.0,0.0,0.0,0.0,0.0,0.0,1.0
744,Japs,1.0,1.0,0.0,0.0,0.0,0.0,0.0
745,Jerries,1.0,0.0,0.0,0.0,0.0,0.0,0.0
746,jew-fucked,0.0,1.0,1.0,0.0,0.0,0.0,0.0
747,jants,0.0,0.0,0.0,0.0,0.0,0.0,1.0
748,japies,1.0,1.0,0.0,0.0,0.0,0.0,0.0
749,Japland,1.0,1.0,0.0,0.0,0.0,0.0,0.0
750,island niggers,1.0,1.0,0.0,0.0,0.0,0.0,0.0
751,ikeys,0.0,1.0,0.0,0.0,0.0,0.0,0.0
752,injuns,0.0,1.0,0.0,0.0,0.0,0.0,0.0
753,ice monkeys,1.0,0.0,0.0,0.0,0.0,0.0,0.0
754,ice niggers,1.0,1.0,0.0,0.0,0.0,0.0,0.0
755,ikes,0.0,1.0,0.0,0.0,0.0,0.0,0.0
756,ikey mos,0.0,1.0,0.0,0.0,0.0,0.0,0.0
757,Huns,1.0,0.0,1.0,0.0,0.0,0.0,0.0
758,Hunyaks,1.0,0.0,0.0,0.0,0.0,0.0,0.0
759,Hunyocks,1.0,0.0,0.0,0.0,0.0,0.0,0.0
760,hymies,0.0,1.0,1.0,0.0,0.0,0.0,0.0
761,hos,0.0,0.0,0.0,1.0,0.0,0.0,0.0
762,house niggers,0.0,1.0,0.0,0.0,0.0,0.0,0.0
763,Hunkies,1.0,1.0,0.0,0.0,0.0,0.0,0.0
764,Honyaks,1.0,0.0,0.0,0.0,0.0,0.0,0.0
765,Honyocks,1.0,0.0,0.0,0.0,0.0,0.0,0.0
766,hoosiers,0.0,0.0,0.0,0.0,0.0,0.0,1.0
767,hories,0.0,1.0,0.0,0.0,0.0,0.0,0.0
768,hoes,0.0,0.0,0.0,1.0,0.0,0.0,0.0
769,honkeye,0.0,1.0,0.0,0.0,0.0,0.0,0.0
770,honkies,0.0,1.0,0.0,0.0,0.0,0.0,0.0
771,honklets,0.0,1.0,0.0,0.0,0.0,0.0,0.0
772,hicks,0.0,0.0,0.0,0.0,0.0,0.0,1.0
773,higgers,0.0,1.0,1.0,0.0,0.0,0.0,0.0
774,hayseeds,0.0,0.0,0.0,0.0,0.0,0.0,1.0
775,hebros,0.0,1.0,1.0,0.0,0.0,0.0,0.0
776,heebs,0.0,1.0,1.0,0.0,0.0,0.0,0.0
777,heinies,1.0,0.0,0.0,0.0,0.0,0.0,0.0
778,hairybacks,0.0,1.0,0.0,0.0,0.0,0.0,0.0
779,halfricans,0.0,1.0,0.0,0.0,0.0,0.0,0.0
780,gypos,0.0,1.0,0.0,0.0,0.0,0.0,0.0
781,gyppies,0.0,1.0,0.0,0.0,0.0,0.0,0.0
782,gyppos,0.0,1.0,0.0,0.0,0.0,0.0,0.0
783,guineas,1.0,1.0,0.0,0.0,0.0,0.0,0.0
784,gurriers,0.0,0.0,0.0,0.0,0.0,0.0,1.0
785,gualas,1.0,1.0,0.0,0.0,0.0,0.0,0.0
786,gubbas,0.0,1.0,0.0,0.0,0.0,0.0,0.0
787,guidettes,0.0,1.0,0.0,0.0,0.0,0.0,0.0
788,guidos,1.0,1.0,0.0,0.0,0.0,0.0,0.0
789,gooks,0.0,1.0,0.0,0.0,0.0,0.0,0.0
790,greaseballs,1.0,1.0,0.0,0.0,0.0,0.0,0.0
791,greasers,1.0,1.0,0.0,0.0,0.0,0.0,0.0
792,groids,0.0,1.0,0.0,0.0,0.0,0.0,0.0
793,guala gualas,1.0,1.0,0.0,0.0,0.0,0.0,0.0
794,globalists,1.0,0.0,1.0,0.0,0.0,0.0,0.0
795,golliwogs,0.0,1.0,0.0,0.0,0.0,0.0,0.0
796,goobers,0.0,0.0,0.0,0.0,0.0,0.0,0.0
797,gook eyes,0.0,1.0,0.0,0.0,0.0,0.0,0.0
798,gins,0.0,1.0,0.0,0.0,0.0,0.0,0.0
799,ginzos,1.0,1.0,0.0,0.0,0.0,0.0,0.0
800,gippos,0.0,1.0,0.0,0.0,0.0,0.0,0.0
801,gipps,0.0,1.0,0.0,0.0,0.0,0.0,0.0
802,ghosts,0.0,1.0,0.0,0.0,0.0,0.0,0.0
803,gimps,0.0,0.0,0.0,0.0,0.0,1.0,0.0
804,gimpy,0.0,0.0,0.0,0.0,0.0,1.0,0.0
805,gin jockeys,0.0,1.0,0.0,0.0,0.0,0.0,0.0
806,gingers,0.0,1.0,0.0,0.0,0.0,0.0,0.0
807,Gerudos,0.0,0.0,1.0,0.0,0.0,0.0,0.0
808,gews,1.0,1.0,1.0,0.0,0.0,0.0,0.0
809,ghetto hamsters,0.0,1.0,0.0,0.0,0.0,0.0,0.0
810,ghey,0.0,0.0,0.0,0.0,1.0,0.0,0.0
811,fuzzy wuzzies,0.0,1.0,0.0,0.0,0.0,0.0,0.0
812,gables,0.0,1.0,0.0,0.0,0.0,0.0,0.0
813,gashes,0.0,0.0,0.0,1.0,0.0,0.0,0.0
814,gaylord,0.0,0.0,0.0,0.0,1.0,0.0,0.0
815,gaylords,0.0,0.0,0.0,0.0,1.0,0.0,0.0
816,fuzzies,0.0,1.0,0.0,0.0,0.0,0.0,0.0
817,frogs,0.0,1.0,0.0,0.0,0.0,0.0,0.0
818,fruits,0.0,0.0,0.0,0.0,1.0,0.0,0.0
819,fudgepackers,0.0,0.0,0.0,1.0,1.0,0.0,0.0
820,FOBs,1.0,0.0,0.0,0.0,0.0,0.0,0.0
821,fog niggers,1.0,1.0,0.0,0.0,0.0,0.0,0.0
822,four by twos,0.0,1.0,1.0,0.0,0.0,0.0,0.0
823,fezzes,0.0,1.0,0.0,0.0,0.0,0.0,0.0
824,flipabeanos,1.0,0.0,0.0,0.0,0.0,0.0,0.0
825,flips,1.0,0.0,0.0,0.0,0.0,0.0,0.0
826,fags,0.0,0.0,0.0,0.0,1.0,0.0,0.0
827,fairies,0.0,0.0,0.0,0.0,1.0,0.0,0.0
828,eyeties,1.0,1.0,0.0,0.0,0.0,0.0,0.0
829,fagbags,0.0,0.0,0.0,0.0,1.0,0.0,0.0
830,faggots,0.0,0.0,0.0,0.0,1.0,0.0,0.0
831,faggy,0.0,0.0,0.0,0.0,1.0,0.0,0.0
832,dyke jumpers,1.0,0.0,0.0,0.0,0.0,0.0,0.0
833,dykes,0.0,0.0,0.0,1.0,1.0,0.0,0.0
834,eggs,0.0,1.0,0.0,0.0,0.0,0.0,0.0
835,eh holes,1.0,0.0,0.0,0.0,0.0,0.0,0.0
836,eight balls,0.0,1.0,0.0,0.0,0.0,0.0,0.0
837,dole bludgers,0.0,0.0,0.0,0.0,0.0,0.0,1.0
838,dune coons,0.0,1.0,0.0,0.0,0.0,0.0,0.0
839,dune niggers,0.0,1.0,0.0,0.0,0.0,0.0,0.0
840,divs,0.0,0.0,0.0,0.0,0.0,0.0,1.0
841,divvies,0.0,0.0,0.0,0.0,0.0,0.0,1.0
842,dogans,1.0,0.0,1.0,0.0,0.0,0.0,0.0
843,doguns,1.0,0.0,1.0,0.0,0.0,0.0,0.0
844,dhimmis,0.0,0.0,0.0,0.0,0.0,0.0,0.0
845,diaper heads,0.0,1.0,0.0,0.0,0.0,0.0,0.0
846,dindu,0.0,1.0,0.0,0.0,0.0,0.0,0.0
847,dinges,0.0,1.0,0.0,0.0,0.0,0.0,0.0
848,dingo fuckers,1.0,0.0,0.0,0.0,0.0,0.0,0.0
849,Cushites,0.0,1.0,0.0,0.0,0.0,0.0,0.0
850,dagos,0.0,1.0,0.0,0.0,0.0,0.0,0.0
851,darkies,0.0,1.0,0.0,0.0,0.0,0.0,0.0
852,degos,0.0,1.0,0.0,0.0,0.0,0.0,0.0
853,curry munchers,0.0,1.0,0.0,0.0,0.0,0.0,0.0
854,curry slurpers,0.0,1.0,0.0,0.0,0.0,0.0,0.0
855,curry stinkers,0.0,1.0,0.0,0.0,0.0,0.0,0.0
856,Cushis,0.0,1.0,0.0,0.0,0.0,0.0,0.0
857,crows,0.0,1.0,0.0,0.0,0.0,0.0,0.0
858,cunts,0.0,0.0,0.0,1.0,0.0,0.0,0.0
859,cotton pickers,0.0,1.0,0.0,0.0,0.0,0.0,0.0
860,cow kissers,1.0,1.0,0.0,0.0,0.0,0.0,0.0
861,cowboy killers,0.0,1.0,0.0,0.0,0.0,0.0,0.0
862,crackers,0.0,1.0,0.0,0.0,0.0,0.0,1.0
863,Congoids,0.0,1.0,0.0,0.0,0.0,0.0,0.0
864,coolies,0.0,1.0,0.0,0.0,0.0,0.0,0.0
865,coonadians,0.0,1.0,0.0,0.0,0.0,0.0,0.0
866,coons,0.0,1.0,0.0,0.0,0.0,0.0,0.0
867,cocoas,0.0,1.0,0.0,0.0,0.0,0.0,0.0
868,coconuts,0.0,1.0,0.0,0.0,0.0,0.0,0.0
869,coloreds,0.0,1.0,0.0,0.0,0.0,0.0,0.0
870,coloureds,0.0,1.0,0.0,0.0,0.0,0.0,0.0
871,conchudas,0.0,0.0,0.0,1.0,0.0,0.0,0.0
872,closetfags,0.0,0.0,0.0,0.0,1.0,0.0,0.0
873,cocksuckers,0.0,0.0,0.0,0.0,1.0,0.0,0.0
874,Cocoa Puffs,0.0,1.0,0.0,0.0,0.0,0.0,0.0
875,clams,0.0,0.0,1.0,0.0,0.0,0.0,0.0
876,clog wogs,1.0,1.0,0.0,0.0,0.0,0.0,0.0
877,closet fags,0.0,0.0,0.0,0.0,1.0,0.0,0.0
878,chonkies,1.0,1.0,0.0,0.0,0.0,0.0,0.0
879,Christ killers,0.0,1.0,1.0,0.0,0.0,0.0,0.0
880,chugs,0.0,1.0,0.0,0.0,0.0,0.0,0.0
881,chunkies,1.0,1.0,0.0,0.0,0.0,0.0,0.0
882,clamheads,0.0,0.0,1.0,0.0,0.0,0.0,0.0
883,cholo chasers,0.0,1.0,0.0,0.0,0.0,0.0,0.0
884,cholo chasing,0.0,1.0,0.0,0.0,0.0,0.0,0.0
885,Chinamen,1.0,0.0,0.0,0.0,0.0,0.0,0.0
886,Chinese wetbacks,1.0,1.0,0.0,0.0,0.0,0.0,0.0
887,ching chongs,0.0,1.0,0.0,0.0,0.0,0.0,0.0
888,chinigs,1.0,1.0,0.0,0.0,0.0,0.0,0.0
889,chink a billies,1.0,1.0,0.0,0.0,0.0,0.0,1.0
890,chee chees,0.0,1.0,0.0,0.0,0.0,0.0,0.0
891,chi chis,0.0,1.0,0.0,0.0,0.0,0.0,0.0
892,chiggers,1.0,1.0,0.0,0.0,0.0,0.0,0.0
893,chili shitters,0.0,1.0,0.0,0.0,0.0,0.0,0.0
894,chimped-out,0.0,1.0,0.0,0.0,0.0,0.0,0.0
895,celestials,1.0,1.0,0.0,0.0,0.0,0.0,0.0
896,charvas,0.0,0.0,0.0,0.0,0.0,0.0,1.0
897,charvers,0.0,0.0,0.0,0.0,0.0,0.0,1.0
898,chavs,0.0,0.0,0.0,0.0,0.0,0.0,1.0
899,carrot snappers,0.0,0.0,1.0,0.0,0.0,0.0,1.0
900,Caublasians,0.0,1.0,0.0,0.0,0.0,0.0,0.0
901,cave niggers,0.0,1.0,0.0,0.0,0.0,0.0,1.0
902,camel jockeys,0.0,1.0,0.0,0.0,0.0,0.0,0.0
903,can eaters,0.0,1.0,0.0,0.0,0.0,0.0,0.0
904,carpet pilots,0.0,1.0,0.0,0.0,0.0,0.0,0.0
905,cab niggers,0.0,1.0,0.0,0.0,0.0,0.0,0.0
906,camel cowboys,0.0,1.0,0.0,0.0,0.0,0.0,0.0
907,camel fuckers,1.0,1.0,1.0,0.0,0.0,0.0,0.0
908,camel humpers,0.0,1.0,0.0,0.0,0.0,0.0,0.0
909,camel jackers,0.0,1.0,0.0,0.0,0.0,0.0,0.0
910,bungas,0.0,1.0,0.0,0.0,0.0,0.0,0.0
911,bungs,0.0,1.0,0.0,0.0,0.0,0.0,0.0
912,burrheads,0.0,1.0,0.0,0.0,0.0,0.0,0.0
913,butt pirates,0.0,0.0,0.0,1.0,1.0,0.0,0.0
914,butterheads,1.0,1.0,0.0,0.0,0.0,0.0,0.0
915,Buddhaheads,0.0,1.0,0.0,0.0,0.0,0.0,0.0
916,bug eaters,0.0,1.0,0.0,0.0,0.0,0.0,0.0
917,buk buks,1.0,1.0,0.0,0.0,0.0,0.0,0.0
918,bumblebees,0.0,1.0,0.0,0.0,0.0,0.0,0.0
919,brownies,0.0,1.0,0.0,0.0,0.0,0.0,0.0
920,bubbles,1.0,1.0,0.0,0.0,0.0,0.0,0.0
921,bucketheads,1.0,1.0,0.0,0.0,0.0,0.0,0.0
922,buckras,0.0,1.0,0.0,0.0,0.0,0.0,0.0
923,bucks,0.0,1.0,0.0,0.0,0.0,0.0,0.0
924,brown invader,0.0,1.0,0.0,0.0,0.0,0.0,0.0
925,brown invaders,0.0,1.0,0.0,0.0,0.0,0.0,0.0
926,border niggers,0.0,1.0,0.0,0.0,0.0,0.0,0.0
927,Bounty bars,0.0,1.0,0.0,0.0,0.0,0.0,0.0
928,boxheads,1.0,0.0,0.0,0.0,0.0,0.0,0.0
929,brass ankles,0.0,1.0,0.0,0.0,0.0,0.0,0.0
930,boos,0.0,1.0,0.0,0.0,0.0,0.0,0.0
931,bootlips,0.0,1.0,0.0,0.0,0.0,0.0,0.0
932,border bunnies,0.0,1.0,0.0,0.0,0.0,0.0,0.0
933,border hoppers,0.0,1.0,0.0,0.0,0.0,0.0,0.0
934,border jumpers,0.0,1.0,0.0,0.0,0.0,0.0,0.0
935,booners,1.0,0.0,0.0,0.0,0.0,0.0,1.0
936,boongas,0.0,1.0,0.0,0.0,0.0,0.0,0.0
937,boongs,0.0,1.0,0.0,0.0,0.0,0.0,0.0
938,boonies,0.0,1.0,0.0,0.0,0.0,0.0,0.0
939,boons,1.0,0.0,0.0,0.0,0.0,0.0,1.0
940,bongs,0.0,1.0,0.0,0.0,0.0,0.0,0.0
941,boojies,0.0,1.0,0.0,0.0,0.0,0.0,1.0
942,book books,1.0,1.0,0.0,0.0,0.0,0.0,0.0
943,bog hoppers,1.0,0.0,0.0,0.0,0.0,0.0,1.0
944,bog jumpers,1.0,0.0,0.0,0.0,0.0,0.0,1.0
945,bog trotters,1.0,0.0,0.0,0.0,0.0,0.0,1.0
946,bogans,1.0,1.0,0.0,0.0,0.0,0.0,1.0
947,bohunks,1.0,1.0,0.0,0.0,0.0,0.0,0.0
948,blaxicans,1.0,1.0,0.0,0.0,0.0,0.0,0.0
949,blockheads,1.0,0.0,0.0,0.0,0.0,0.0,0.0
950,bludgers,0.0,0.0,0.0,0.0,0.0,0.0,1.0
951,blue gums,0.0,1.0,0.0,0.0,0.0,0.0,0.0
952,bluegums,0.0,1.0,0.0,0.0,0.0,0.0,0.0
953,black Barbies,0.0,1.0,0.0,0.0,0.0,0.0,0.0
954,black dagos,1.0,1.0,0.0,0.0,0.0,0.0,0.0
955,black invaders,0.0,1.0,0.0,0.0,0.0,0.0,0.0
956,bints,0.0,0.0,0.0,1.0,0.0,0.0,0.0
957,birds,0.0,0.0,0.0,1.0,0.0,0.0,0.0
958,bix noods,0.0,1.0,0.0,0.0,0.0,0.0,0.0
959,bhremptis,1.0,1.0,0.0,0.0,0.0,0.0,0.0
960,beaner shnitzels,1.0,1.0,0.0,0.0,0.0,0.0,0.0
961,beaners,0.0,1.0,0.0,0.0,0.0,0.0,0.0
962,beanies,0.0,1.0,0.0,0.0,0.0,0.0,0.0
963,Bengalis,1.0,1.0,1.0,0.0,0.0,0.0,0.0
964,beach niggers,0.0,1.0,0.0,0.0,0.0,0.0,0.0
965,bean dippers,0.0,1.0,0.0,0.0,0.0,0.0,0.0
966,beaner babies,0.0,1.0,0.0,0.0,0.0,0.0,0.0
967,beaner baby,0.0,1.0,0.0,0.0,0.0,0.0,0.0
968,banana benders,1.0,0.0,0.0,0.0,0.0,0.0,0.0
969,banana landers,1.0,0.0,0.0,0.0,0.0,0.0,0.0
970,bananas,0.0,1.0,0.0,0.0,0.0,0.0,0.0
971,bamboo coons,1.0,1.0,0.0,0.0,0.0,0.0,0.0
972,Aunt Janes,0.0,1.0,0.0,0.0,0.0,0.0,0.0
973,Aunt Jemimas,0.0,1.0,0.0,0.0,0.0,0.0,0.0
974,Aunt Marys,0.0,1.0,0.0,0.0,0.0,0.0,0.0
975,Aunt Sallys,0.0,1.0,0.0,0.0,0.0,0.0,0.0
976,azns,0.0,1.0,0.0,0.0,0.0,0.0,0.0
977,Argies,1.0,0.0,0.0,0.0,0.0,0.0,0.0
978,Armos,0.0,1.0,0.0,0.0,0.0,0.0,0.0
979,Anglos,0.0,1.0,0.0,0.0,0.0,0.0,0.0
980,Anns,0.0,1.0,0.0,0.0,0.0,0.0,0.0
981,apes,0.0,1.0,0.0,0.0,0.0,0.0,0.0
982,apples,0.0,1.0,0.0,0.0,0.0,0.0,0.0
983,Amos,0.0,0.0,1.0,0.0,0.0,0.0,0.0
984,anchor babies,0.0,1.0,0.0,0.0,0.0,0.0,0.0
985,Angies,0.0,1.0,0.0,0.0,0.0,0.0,0.0
986,Americoons,0.0,1.0,0.0,0.0,0.0,0.0,0.0
987,Ahabs,0.0,0.0,0.0,0.0,0.0,0.0,0.0
988,albinos,0.0,1.0,0.0,0.0,0.0,0.0,0.0
989,abos,0.0,1.0,0.0,0.0,0.0,0.0,0.0
990,African catfishes,0.0,1.0,1.0,0.0,0.0,0.0,0.0
991,Africoons,0.0,1.0,0.0,0.0,0.0,0.0,0.0
992,Afro-Saxons,0.0,1.0,0.0,0.0,0.0,0.0,0.0
993,afs,0.0,1.0,0.0,0.0,0.0,0.0,0.0
994,abbos,0.0,1.0,0.0,0.0,0.0,0.0,0.0
995,ABCDs,0.0,1.0,0.0,0.0,0.0,0.0,0.0
996,ziojew,0.0,1.0,1.0,0.0,0.0,0.0,0.0
997,yard ape,0.0,1.0,0.0,0.0,0.0,0.0,0.0
998,yellow invader,0.0,1.0,0.0,0.0,0.0,0.0,0.0
999,wegro,0.0,1.0,0.0,0.0,0.0,0.0,0.0
1000,whigga,0.0,1.0,0.0,0.0,0.0,0.0,0.0
1001,tree nigger,0.0,1.0,0.0,0.0,0.0,0.0,0.0
1002,wapanese,0.0,1.0,0.0,0.0,0.0,0.0,0.0
1003,suspook,0.0,1.0,0.0,0.0,0.0,0.0,0.0
1004,taco nigger,0.0,1.0,0.0,0.0,0.0,0.0,0.0
1005,sheboon,0.0,1.0,0.0,0.0,0.0,0.0,0.0
1006,sand nip,0.0,1.0,0.0,0.0,0.0,0.0,0.0
1007,reffo,0.0,1.0,0.0,0.0,0.0,0.0,0.0
1008,rice nigger,0.0,1.0,0.0,0.0,0.0,0.0,0.0
1009,red nigger,0.0,1.0,0.0,0.0,0.0,0.0,0.0
1010,pavement ape,0.0,1.0,0.0,0.0,0.0,0.0,0.0
1011,Palestinkian,1.0,0.0,0.0,0.0,0.0,0.0,0.0
1012,niggera,0.0,1.0,0.0,0.0,0.0,0.0,0.0
1013,niggerette,0.0,1.0,0.0,0.0,0.0,0.0,0.0
1014,niggerfag,0.0,1.0,0.0,0.0,1.0,0.0,0.0
1015,niggerize,0.0,1.0,0.0,0.0,0.0,0.0,0.0
1016,niggerwool,0.0,1.0,0.0,0.0,0.0,0.0,0.0
1017,nigger-knock,0.0,1.0,0.0,0.0,0.0,0.0,0.0
1018,nappyhead,0.0,1.0,0.0,0.0,0.0,0.0,0.0
1019,muzzpig,0.0,0.0,1.0,0.0,0.0,0.0,0.0
1020,muzzrat,0.0,0.0,1.0,0.0,0.0,0.0,0.0
1021,muzzy,0.0,0.0,1.0,0.0,0.0,0.0,0.0
1022,musla,0.0,0.0,1.0,0.0,0.0,0.0,0.0
1023,muslimal,0.0,0.0,1.0,0.0,0.0,0.0,0.0
1024,kneegrow,0.0,1.0,0.0,0.0,0.0,0.0,0.0
1025,jewbag,0.0,1.0,1.0,0.0,0.0,0.0,0.0
1026,jew-fucker,0.0,1.0,1.0,0.0,0.0,0.0,0.0
1027,honklet,0.0,1.0,0.0,0.0,0.0,0.0,0.0
1028,hori,0.0,1.0,0.0,0.0,0.0,0.0,0.0
1029,guidette,0.0,1.0,0.0,0.0,0.0,0.0,0.0
1030,gash,0.0,0.0,0.0,1.0,0.0,0.0,0.0
1031,gay,0.0,0.0,0.0,0.0,1.0,0.0,0.0
1032,gimp,0.0,0.0,0.0,0.0,0.0,1.0,0.0
1033,fudgepacker,0.0,0.0,0.0,1.0,1.0,0.0,0.0
1034,flipabeano,1.0,0.0,0.0,0.0,0.0,0.0,0.0
1035,fagbag,0.0,0.0,0.0,0.0,1.0,0.0,0.0
1036,derka derka,0.0,1.0,1.0,0.0,0.0,0.0,0.0
1037,dindu nuffin,0.0,1.0,0.0,0.0,0.0,0.0,0.0
1038,coonadian,0.0,1.0,0.0,0.0,0.0,0.0,0.0
1039,clog wog,1.0,1.0,0.0,0.0,0.0,0.0,0.0
1040,cocksucker,0.0,0.0,0.0,0.0,1.0,0.0,0.0
1041,Congoid,0.0,1.0,0.0,0.0,0.0,0.0,0.0
1042,chimp-out,0.0,1.0,0.0,0.0,0.0,0.0,0.0
1043,cholo chaser,0.0,1.0,0.0,0.0,0.0,0.0,0.0
1044,chimp pack,0.0,1.0,0.0,0.0,0.0,0.0,0.0
1045,butt pirate,0.0,0.0,0.0,1.0,1.0,0.0,0.0
1046,bootlip,0.0,1.0,0.0,0.0,0.0,0.0,0.0
1047,black invader,0.0,1.0,0.0,0.0,0.0,0.0,0.0
1048,tynekere,0.0,1.0,0.0,0.0,0.0,0.0,0.0
1049,tynkard,0.0,1.0,0.0,0.0,0.0,0.0,0.0
1050,tynkare,0.0,1.0,0.0,0.0,0.0,0.0,0.0
1051,Rhine monkey,1.0,0.0,0.0,0.0,0.0,0.0,0.0
1052,proddywhoddy,0.0,0.0,1.0,0.0,0.0,0.0,0.0
1053,pommie grant,1.0,0.0,0.0,0.0,0.0,0.0,0.0
1054,bhrempti,1.0,1.0,0.0,0.0,0.0,0.0,0.0
1055,mongol,0.0,0.0,0.0,0.0,0.0,1.0,0.0
1056,blue gum,0.0,1.0,0.0,0.0,0.0,0.0,0.0
1057,nafri,0.0,1.0,0.0,0.0,0.0,0.0,0.0
1058,flip,1.0,0.0,0.0,0.0,0.0,0.0,0.0
1059,globalist,1.0,0.0,1.0,0.0,0.0,0.0,0.0
1060,holohoax,0.0,0.0,1.0,0.0,0.0,0.0,0.0
1061,bint,0.0,0.0,0.0,1.0,0.0,0.0,0.0
1062,latrino,0.0,1.0,0.0,0.0,0.0,0.0,0.0
1063,conchuda,0.0,0.0,0.0,1.0,0.0,0.0,0.0
1064,closetfag,0.0,0.0,0.0,0.0,1.0,0.0,0.0
1065,closet fag,0.0,0.0,0.0,0.0,1.0,0.0,0.0
1066,tyncar,0.0,1.0,0.0,0.0,0.0,0.0,0.0
1067,chi chi,0.0,1.0,0.0,0.0,0.0,0.0,0.0
1068,MTN,0.0,1.0,0.0,0.0,0.0,0.0,0.0
1069,harambe,0.0,1.0,0.0,0.0,0.0,0.0,0.0
1070,Hunyock,1.0,0.0,0.0,0.0,0.0,0.0,0.0
1071,moss eater,0.0,1.0,0.0,0.0,0.0,0.0,0.0
1072,proddywoddy,0.0,0.0,1.0,0.0,0.0,0.0,0.0
1073,divvy,0.0,0.0,0.0,0.0,0.0,0.0,1.0
1074,div,0.0,0.0,0.0,0.0,0.0,0.0,1.0
1075,spickaboo,0.0,1.0,0.0,0.0,0.0,0.0,0.0
1076,chinig,1.0,1.0,0.0,0.0,0.0,0.0,0.0
1077,ZOG lover,0.0,1.0,0.0,0.0,0.0,0.0,0.0
1078,sideways cooter,1.0,1.0,0.0,0.0,0.0,0.0,0.0
1079,kotiya,0.0,1.0,0.0,0.0,0.0,0.0,0.0
1080,gook eye,0.0,1.0,0.0,0.0,0.0,0.0,0.0
1081,jigarooni,0.0,1.0,0.0,0.0,0.0,0.0,0.0
1082,smoked Irish,1.0,1.0,0.0,0.0,0.0,0.0,0.0
1083,oven dodger,0.0,1.0,1.0,0.0,0.0,0.0,0.0
1084,Russellite ,0.0,0.0,1.0,0.0,0.0,0.0,0.0
1085,ghetto hamster,0.0,1.0,0.0,0.0,0.0,0.0,0.0
1086,roofucker,1.0,1.0,0.0,0.0,0.0,0.0,0.0
1087,ikey mo,0.0,1.0,0.0,0.0,0.0,0.0,0.0
1088,plastic paddy,1.0,1.0,0.0,0.0,0.0,0.0,0.0
1089,paddy,1.0,1.0,0.0,0.0,0.0,0.0,0.0
1090,gin jockey,0.0,1.0,0.0,0.0,0.0,0.0,0.0
1091,Honyock,1.0,0.0,0.0,0.0,0.0,0.0,0.0
1092,zigabo,0.0,1.0,0.0,0.0,0.0,0.0,0.0
1093,smoked Irishman,1.0,1.0,0.0,0.0,0.0,0.0,0.0
1094,dyke jumper,1.0,0.0,0.0,0.0,0.0,0.0,0.0
1095,border nigger,0.0,1.0,0.0,0.0,0.0,0.0,0.0
1096,Amo,0.0,0.0,1.0,0.0,0.0,0.0,0.0
1097,cave nigger,0.0,1.0,0.0,0.0,0.0,0.0,1.0
1098,Caublasian,0.0,1.0,0.0,0.0,0.0,0.0,0.0
1099,carrot snapper,0.0,0.0,1.0,0.0,0.0,0.0,1.0
1100,camel fucker,1.0,1.0,1.0,0.0,0.0,0.0,0.0
1101,ice monkey,1.0,0.0,0.0,0.0,0.0,0.0,0.0
1102,butterhead,1.0,1.0,0.0,0.0,0.0,0.0,0.0
1103,buk buk,1.0,1.0,0.0,0.0,0.0,0.0,0.0
1104,buckra,0.0,1.0,0.0,0.0,0.0,0.0,0.0
1105,brass ankle,0.0,1.0,0.0,0.0,0.0,0.0,0.0
1106,boon,1.0,0.0,0.0,0.0,0.0,0.0,1.0
1107,booner,1.0,0.0,0.0,0.0,0.0,0.0,1.0
1108,slopehead,0.0,1.0,0.0,0.0,0.0,0.0,0.0
1109,dune nigger,0.0,1.0,0.0,0.0,0.0,0.0,0.0
1110,nitchee,0.0,1.0,0.0,0.0,0.0,0.0,0.0
1111,zippohead,0.0,1.0,0.0,0.0,0.0,0.0,0.0
1112,bog jumper,1.0,0.0,0.0,0.0,0.0,0.0,1.0
1113,bog hopper,1.0,0.0,0.0,0.0,0.0,0.0,1.0
1114,dole bludger,0.0,0.0,0.0,0.0,0.0,0.0,1.0
1115,bludger,0.0,0.0,0.0,0.0,0.0,0.0,1.0
1116,blaxican,1.0,1.0,0.0,0.0,0.0,0.0,0.0
1117,bix nood,0.0,1.0,0.0,0.0,0.0,0.0,0.0
1118,fog nigger,1.0,1.0,0.0,0.0,0.0,0.0,0.0
1119,beaner shnitzel,1.0,1.0,0.0,0.0,0.0,0.0,0.0
1120,bean dipper,0.0,1.0,0.0,0.0,0.0,0.0,0.0
1121,beach nigger,0.0,1.0,0.0,0.0,0.0,0.0,0.0
1122,banjo lips,0.0,1.0,0.0,0.0,0.0,0.0,0.0
1123,banana lander,1.0,0.0,0.0,0.0,0.0,0.0,0.0
1124,banana bender,1.0,0.0,0.0,0.0,0.0,0.0,0.0
1125,Buddhahead,0.0,1.0,0.0,0.0,0.0,0.0,0.0
1126,mackerel snapper ,0.0,0.0,1.0,0.0,0.0,0.0,0.0
1127,camel jacker,0.0,1.0,0.0,0.0,0.0,0.0,0.0
1128,Hunyak,1.0,0.0,0.0,0.0,0.0,0.0,0.0
1129,wiggerette,1.0,1.0,0.0,0.0,0.0,0.0,0.0
1130,pohm,1.0,0.0,0.0,0.0,0.0,0.0,0.0
1131,semihole,0.0,1.0,0.0,0.0,0.0,0.0,0.0
1132,Armo,0.0,1.0,0.0,0.0,0.0,0.0,0.0
1133,chink a billy,1.0,1.0,0.0,0.0,0.0,0.0,1.0
1134,Chinese wetback,1.0,1.0,0.0,0.0,0.0,0.0,0.0
1135,tinkard,0.0,1.0,0.0,0.0,0.0,0.0,0.0
1136,lubra,0.0,0.0,0.0,0.0,0.0,0.0,0.0
1137,eh hole,1.0,0.0,0.0,0.0,0.0,0.0,0.0
1138,cab nigger,0.0,1.0,0.0,0.0,0.0,0.0,0.0
1139,Jim Fish,0.0,1.0,0.0,0.0,0.0,0.0,0.0
1140,cow kisser,1.0,1.0,0.0,0.0,0.0,0.0,0.0
1141,mockie,0.0,1.0,0.0,0.0,0.0,0.0,0.0
1142,dogun,1.0,0.0,1.0,0.0,0.0,0.0,0.0
1143,bong,0.0,1.0,0.0,0.0,0.0,0.0,0.0
1144,boong,0.0,1.0,0.0,0.0,0.0,0.0,0.0
1145,boonga,0.0,1.0,0.0,0.0,0.0,0.0,0.0
1146,bung,0.0,1.0,0.0,0.0,0.0,0.0,0.0
1147,curry slurper,0.0,1.0,0.0,0.0,0.0,0.0,0.0
1148,mockey,0.0,1.0,0.0,0.0,0.0,0.0,0.0
1149,spigotty,0.0,1.0,0.0,0.0,0.0,0.0,0.0
1150,Jewbacca,0.0,1.0,0.0,0.0,0.0,0.0,0.0
1151,bamboo coon,1.0,1.0,0.0,0.0,0.0,0.0,0.0
1152,four by two,0.0,1.0,1.0,0.0,0.0,0.0,0.0
1153,quashie,0.0,1.0,0.0,0.0,0.0,0.0,0.0
1154,Leb,1.0,0.0,0.0,0.0,0.0,0.0,0.0
1155,muk,0.0,1.0,0.0,0.0,0.0,0.0,0.0
1156,popolo,0.0,1.0,0.0,0.0,0.0,0.0,0.0
1157,burrhead,0.0,1.0,0.0,0.0,0.0,0.0,0.0
1158,mud person,0.0,1.0,0.0,0.0,0.0,0.0,0.0
1159,moch,0.0,1.0,0.0,0.0,0.0,0.0,0.0
1160,mock,0.0,1.0,0.0,0.0,0.0,0.0,0.0
1161,mocky,0.0,1.0,0.0,0.0,0.0,0.0,0.0
1162,soup taker ,1.0,0.0,1.0,0.0,0.0,0.0,0.0
1163,ping pang,0.0,1.0,0.0,0.0,0.0,0.0,0.0
1164,Argie,1.0,0.0,0.0,0.0,0.0,0.0,0.0
1165,azn,0.0,1.0,0.0,0.0,0.0,0.0,0.0
1166,anchor baby,0.0,1.0,0.0,0.0,0.0,0.0,0.0
1167,Anglo,0.0,1.0,0.0,0.0,0.0,0.0,0.0
1168,AmeriKKKan,1.0,0.0,0.0,0.0,0.0,0.0,0.0
1169,Afro-Saxon,0.0,1.0,0.0,0.0,0.0,0.0,0.0
1170,Americoon,0.0,1.0,0.0,0.0,0.0,0.0,0.0
1171,Africoon,0.0,1.0,0.0,0.0,0.0,0.0,0.0
1172,camel cowboy,0.0,1.0,0.0,0.0,0.0,0.0,0.0
1173,pogue,1.0,1.0,0.0,0.0,0.0,0.0,0.0
1174,lowlander,1.0,0.0,0.0,0.0,0.0,0.0,0.0
1175,stump jumper,0.0,0.0,0.0,0.0,0.0,0.0,1.0
1176,moky,0.0,1.0,0.0,0.0,0.0,0.0,0.0
1177,kyke,0.0,1.0,0.0,0.0,0.0,0.0,0.0
1178,redskin,0.0,1.0,0.0,0.0,0.0,0.0,0.0
1179,ocker,1.0,0.0,0.0,0.0,0.0,0.0,0.0
1180,chili shitter,0.0,1.0,0.0,0.0,0.0,0.0,0.0
1181,net head,0.0,1.0,0.0,0.0,0.0,0.0,0.0
1182,boonie,0.0,1.0,0.0,0.0,0.0,0.0,0.0
1183,dinge,0.0,1.0,0.0,0.0,0.0,0.0,0.0
1184,guido,1.0,1.0,0.0,0.0,0.0,0.0,0.0
1185,Bog Irish,1.0,0.0,0.0,0.0,0.0,0.0,1.0
1186,gubba,0.0,1.0,0.0,0.0,0.0,0.0,0.0
1187,groid,0.0,1.0,0.0,0.0,0.0,0.0,0.0
1188,squaw,0.0,1.0,0.0,0.0,0.0,0.0,0.0
1189,redlegs,0.0,1.0,0.0,0.0,0.0,0.0,0.0
1190,nigre,0.0,1.0,0.0,0.0,0.0,0.0,0.0
1191,polack,1.0,0.0,0.0,0.0,0.0,0.0,0.0
1192,ching chong,0.0,1.0,0.0,0.0,0.0,0.0,0.0
1193,chee chee,0.0,1.0,0.0,0.0,0.0,0.0,0.0
1194,Buckwheat,0.0,1.0,0.0,0.0,0.0,0.0,0.0
1195,dago,0.0,1.0,0.0,0.0,0.0,0.0,0.0
1196,paleface,0.0,1.0,0.0,0.0,0.0,0.0,0.0
1197,pineapple nigger,0.0,1.0,0.0,0.0,0.0,0.0,0.0
1198,papist,0.0,0.0,1.0,0.0,0.0,0.0,0.0
1199,gyppy,0.0,1.0,0.0,0.0,0.0,0.0,0.0
1200,carpet pilot,0.0,1.0,0.0,0.0,0.0,0.0,0.0
1201,bog trotter,1.0,0.0,0.0,0.0,0.0,0.0,1.0
1202,gator bait,0.0,1.0,0.0,0.0,0.0,0.0,0.0
1203,darkey,0.0,1.0,0.0,0.0,0.0,0.0,0.0
1204,ice nigger,1.0,1.0,0.0,0.0,0.0,0.0,0.0
1205,shanty Irish,1.0,1.0,0.0,0.0,0.0,0.0,0.0
1206,jockie,0.0,0.0,0.0,0.0,0.0,0.0,0.0
1207,slag,0.0,0.0,0.0,0.0,0.0,0.0,1.0
1208,bird,0.0,0.0,0.0,1.0,0.0,0.0,0.0
1209,jhant,0.0,0.0,0.0,0.0,0.0,0.0,1.0
1210,jant,0.0,0.0,0.0,0.0,0.0,0.0,1.0
1211,moke,0.0,1.0,0.0,0.0,0.0,0.0,1.0
1212,smick,1.0,1.0,0.0,0.0,0.0,0.0,1.0
1213,gurrier,0.0,0.0,0.0,0.0,0.0,0.0,1.0
1214,spiv,0.0,0.0,0.0,0.0,0.0,0.0,1.0
1215,skag,0.0,0.0,0.0,1.0,0.0,0.0,1.0
1216,scag,0.0,0.0,0.0,1.0,0.0,0.0,1.0
1217,yobbo,0.0,0.0,0.0,0.0,0.0,0.0,1.0
1218,yob,0.0,0.0,0.0,0.0,0.0,0.0,1.0
1219,senga,0.0,0.0,0.0,0.0,0.0,0.0,1.0
1220,scobe,0.0,0.0,0.0,0.0,0.0,0.0,1.0
1221,charver,0.0,0.0,0.0,0.0,0.0,0.0,1.0
1222,charva,0.0,0.0,0.0,0.0,0.0,0.0,1.0
1223,skanger,0.0,0.0,0.0,0.0,0.0,0.0,1.0
1224,scanger,0.0,0.0,0.0,0.0,0.0,0.0,1.0
1225,mil bag,0.0,0.0,0.0,0.0,0.0,0.0,1.0
1226,millie,0.0,0.0,0.0,0.0,0.0,0.0,1.0
1227,steek,0.0,0.0,0.0,0.0,0.0,0.0,1.0
1228,spide,0.0,0.0,0.0,0.0,0.0,0.0,1.0
1229,scally,0.0,0.0,0.0,0.0,0.0,0.0,1.0
1230,scallie,0.0,0.0,0.0,0.0,0.0,0.0,1.0
1231,ned,0.0,0.0,0.0,0.0,0.0,0.0,1.0
1232,chav,0.0,0.0,0.0,0.0,0.0,0.0,1.0
1233,tranny,0.0,0.0,0.0,1.0,1.0,0.0,0.0
1234,three fifths,0.0,1.0,0.0,0.0,0.0,0.0,0.0
1235,three fifth,0.0,1.0,0.0,0.0,0.0,0.0,0.0
1236,slave,0.0,1.0,0.0,0.0,0.0,0.0,0.0
1237,Shy,0.0,1.0,0.0,0.0,0.0,0.0,0.0
1238,shemale,0.0,0.0,0.0,1.0,1.0,0.0,0.0
1239,scuffer,0.0,0.0,0.0,0.0,0.0,0.0,1.0
1240,bogan,1.0,1.0,0.0,0.0,0.0,0.0,1.0
1241,coolie,0.0,1.0,0.0,0.0,0.0,0.0,0.0
1242,prod,0.0,0.0,1.0,0.0,0.0,0.0,0.0
1243,pom,1.0,0.0,0.0,0.0,0.0,0.0,0.0
1244,nip,1.0,0.0,0.0,0.0,0.0,0.0,0.0
1245,pommie,1.0,0.0,0.0,0.0,0.0,0.0,0.0
1246,niggar,0.0,1.0,0.0,0.0,0.0,0.0,0.0
1247,Orangie,0.0,0.0,1.0,0.0,0.0,0.0,0.0
1248,nigra,0.0,1.0,0.0,0.0,0.0,0.0,0.0
1249,abo,0.0,1.0,0.0,0.0,0.0,0.0,0.0
1250,pommy,1.0,0.0,0.0,0.0,0.0,0.0,0.0
1251,buffie,0.0,1.0,0.0,0.0,0.0,0.0,0.0
1252,sambo,0.0,1.0,0.0,0.0,0.0,0.0,0.0
1253,darkie,0.0,1.0,0.0,0.0,0.0,0.0,0.0
1254,beaney,0.0,1.0,0.0,0.0,0.0,0.0,0.0
1255,shade,0.0,1.0,0.0,0.0,0.0,0.0,0.0
1256,Christ killer,0.0,1.0,1.0,0.0,0.0,0.0,0.0
1257,Gerudo,0.0,0.0,1.0,0.0,0.0,0.0,0.0
1258,gew,1.0,1.0,1.0,0.0,0.0,0.0,0.0
1259,Shelta,1.0,1.0,0.0,0.0,0.0,0.0,0.0
1260,slopy,0.0,1.0,0.0,0.0,0.0,0.0,0.0
1261,slit,0.0,1.0,0.0,0.0,0.0,0.0,0.0
1262,Skippy,1.0,1.0,0.0,0.0,0.0,0.0,0.0
1263,bluegum,0.0,1.0,0.0,0.0,0.0,0.0,0.0
1264,ghetto,0.0,1.0,0.0,0.0,0.0,0.0,0.0
1265,chonky,1.0,1.0,0.0,0.0,0.0,0.0,0.0
1266,chunky,1.0,1.0,0.0,0.0,0.0,0.0,0.0
1267,spike,0.0,0.0,1.0,0.0,0.0,0.0,0.0
1268,squinty,0.0,1.0,0.0,0.0,0.0,0.0,0.0
1269,goober,0.0,0.0,0.0,0.0,0.0,0.0,0.0
1270,sub human,0.0,1.0,0.0,0.0,0.0,0.0,0.0
1271,guinea,1.0,1.0,0.0,0.0,0.0,0.0,0.0
1272,cotton picker,0.0,1.0,0.0,0.0,0.0,0.0,0.0
1273,greaser,1.0,1.0,0.0,0.0,0.0,0.0,0.0
1274,Shylock,0.0,1.0,0.0,0.0,0.0,0.0,0.0
1275,Jap,1.0,1.0,0.0,0.0,0.0,0.0,0.0
1276,diaper head,0.0,1.0,0.0,0.0,0.0,0.0,0.0
1277,roundeye,0.0,1.0,0.0,0.0,0.0,0.0,0.0
1278,jig,0.0,1.0,0.0,0.0,0.0,0.0,0.0
1279,jijjiboo,0.0,1.0,0.0,0.0,0.0,0.0,0.0
1280,house nigger,0.0,1.0,0.0,0.0,0.0,0.0,0.0
1281,jocky,0.0,0.0,0.0,0.0,0.0,0.0,0.0
1282,octaroon,0.0,1.0,0.0,0.0,0.0,0.0,0.0
1283,curry stinker,0.0,1.0,0.0,0.0,0.0,0.0,0.0
1284,white nigger,1.0,1.0,0.0,0.0,0.0,0.0,0.0
1285,whitey,0.0,1.0,0.0,0.0,0.0,0.0,0.0
1286,WIC,0.0,1.0,1.0,0.0,0.0,0.0,0.0
1287,Yank,1.0,0.0,0.0,0.0,0.0,0.0,0.0
1288,Yankee,1.0,0.0,0.0,0.0,0.0,0.0,0.0
1289,kraut,1.0,0.0,0.0,0.0,0.0,0.0,0.0
1290,lemonhead,0.0,1.0,0.0,0.0,0.0,0.0,0.0
1291,Merkin,1.0,0.0,0.0,0.0,0.0,0.0,0.0
1292,ZOG,0.0,1.0,0.0,0.0,0.0,0.0,0.0
1293,sideways pussy,1.0,1.0,0.0,0.0,0.0,0.0,0.0
1294,cowboy killer,0.0,1.0,0.0,0.0,0.0,0.0,0.0
1295,eyetie,1.0,1.0,0.0,0.0,0.0,0.0,0.0
1296,proddy dog,0.0,0.0,1.0,0.0,0.0,0.0,0.0
1297,prairie nigger,0.0,1.0,0.0,0.0,0.0,0.0,0.0
1298,Southern fairy,0.0,0.0,0.0,0.0,0.0,0.0,0.0
1299,coon ass,0.0,1.0,0.0,0.0,0.0,0.0,0.0
1300,moulie,0.0,1.0,0.0,0.0,0.0,0.0,0.0
1301,sideways vagina,1.0,1.0,0.0,0.0,0.0,0.0,0.0
1302,camel humper,0.0,1.0,0.0,0.0,0.0,0.0,0.0
1303,FOB,1.0,0.0,0.0,0.0,0.0,0.0,0.0
1304,fresh off the boat,1.0,0.0,0.0,0.0,0.0,0.0,0.0
1305,gable,0.0,1.0,0.0,0.0,0.0,0.0,0.0
1306,spade,0.0,1.0,0.0,0.0,0.0,0.0,0.0
1307,wagon burner,0.0,1.0,0.0,0.0,0.0,0.0,0.0
1308,moulignon,0.0,1.0,0.0,0.0,0.0,0.0,0.0
1309,border bunny,0.0,1.0,0.0,0.0,0.0,0.0,0.0
1310,dune coon,0.0,1.0,0.0,0.0,0.0,0.0,0.0
1311,mosshead,0.0,1.0,0.0,0.0,0.0,0.0,0.0
1312,gooky,0.0,1.0,0.0,0.0,0.0,0.0,0.0
1313,border jumper,0.0,1.0,0.0,0.0,0.0,0.0,0.0
1314,higger,0.0,1.0,1.0,0.0,0.0,0.0,0.0
1315,gippo,0.0,1.0,0.0,0.0,0.0,0.0,0.0
1316,gyppo,0.0,1.0,0.0,0.0,0.0,0.0,0.0
1317,touch of the tar brush,0.0,1.0,0.0,0.0,0.0,0.0,0.0
1318,yardie,1.0,1.0,0.0,0.0,0.0,0.0,1.0
1319,boo,0.0,1.0,0.0,0.0,0.0,0.0,0.0
1320,Rico Suave,0.0,1.0,0.0,0.0,0.0,0.0,0.0
1321,redneck,0.0,0.0,0.0,0.0,0.0,0.0,1.0
1322,muzzie,0.0,0.0,1.0,0.0,0.0,0.0,0.0
1323,queer,0.0,0.0,0.0,0.0,1.0,0.0,0.0
1324,nigglet,0.0,1.0,0.0,0.0,0.0,0.0,0.0
1325,niggur,0.0,1.0,0.0,0.0,0.0,0.0,0.0
1326,niglet,0.0,1.0,0.0,0.0,0.0,0.0,0.0
1327,ofay,0.0,1.0,0.0,0.0,0.0,0.0,0.0
1328,piky,1.0,1.0,0.0,0.0,0.0,0.0,0.0
1329,piker,1.0,1.0,0.0,0.0,0.0,0.0,0.0
1330,niggor,0.0,1.0,0.0,0.0,0.0,0.0,0.0
1331,abbo,0.0,1.0,0.0,0.0,0.0,0.0,0.0
1332,af,0.0,1.0,0.0,0.0,0.0,0.0,0.0
1333,sooty,0.0,1.0,0.0,0.0,0.0,0.0,0.0
1334,alligator bait,0.0,1.0,0.0,0.0,0.0,0.0,0.0
1335,ape,0.0,1.0,0.0,0.0,0.0,0.0,0.0
1336,eight ball,0.0,1.0,0.0,0.0,0.0,0.0,0.0
1337,pickaninny,0.0,1.0,0.0,0.0,0.0,0.0,0.0
1338,Chinaman,1.0,0.0,0.0,0.0,0.0,0.0,0.0
1339,nigor,0.0,1.0,0.0,0.0,0.0,0.0,0.0
1340,chigger,1.0,1.0,0.0,0.0,0.0,0.0,0.0
1341,Moor,0.0,1.0,0.0,0.0,0.0,0.0,0.0
1342,African catfish,0.0,1.0,1.0,0.0,0.0,0.0,0.0
1343,border hopper,0.0,1.0,0.0,0.0,0.0,0.0,0.0
1344,clam,0.0,0.0,1.0,0.0,0.0,0.0,0.0
1345,clamhead,0.0,0.0,1.0,0.0,0.0,0.0,0.0
1346,Bounty bar,0.0,1.0,0.0,0.0,0.0,0.0,0.0
1347,boxhead,1.0,0.0,0.0,0.0,0.0,0.0,0.0
1348,bohunk,1.0,1.0,0.0,0.0,0.0,0.0,0.0
1349,bunga,0.0,1.0,0.0,0.0,0.0,0.0,0.0
1350,cripple,0.0,0.0,0.0,0.0,0.0,1.0,0.0
1351,camel jockey,0.0,1.0,0.0,0.0,0.0,0.0,0.0
1352,dego,0.0,1.0,0.0,0.0,0.0,0.0,0.0
1353,bug eater,0.0,1.0,0.0,0.0,0.0,0.0,0.0
1354,domes,1.0,1.0,0.0,0.0,0.0,0.0,0.0
1355,curry muncher,0.0,1.0,0.0,0.0,0.0,0.0,0.0
1356,septic,1.0,0.0,0.0,0.0,0.0,0.0,0.0
1357,spic,0.0,1.0,0.0,0.0,0.0,0.0,0.0
1358,Ubangee,0.0,1.0,0.0,0.0,0.0,0.0,0.0
1359,Ubangi,0.0,1.0,0.0,0.0,0.0,0.0,0.0
1360,sole,1.0,1.0,0.0,0.0,0.0,0.0,0.0
1361,spear chucker,0.0,1.0,0.0,0.0,0.0,0.0,0.0
1362,snowflake,0.0,1.0,0.0,0.0,0.0,0.0,0.0
1363,snout,1.0,0.0,1.0,0.0,0.0,0.0,0.0
1364,shine,0.0,1.0,0.0,0.0,0.0,0.0,0.0
1365,shiner,0.0,1.0,0.0,0.0,0.0,0.0,0.0
1366,slope,0.0,1.0,0.0,0.0,0.0,0.0,0.0
1367,slant,0.0,1.0,0.0,0.0,0.0,0.0,0.0
1368,Skip,1.0,1.0,0.0,0.0,0.0,0.0,0.0
1369,ghost,0.0,1.0,0.0,0.0,0.0,0.0,0.0
1370,sand nigger,1.0,1.0,0.0,0.0,0.0,0.0,0.0
1371,gin,0.0,1.0,0.0,0.0,0.0,0.0,0.0
1372,ginzo,1.0,1.0,0.0,0.0,0.0,0.0,0.0
1373,gipp,0.0,1.0,0.0,0.0,0.0,0.0,0.0
1374,slant eye,0.0,1.0,0.0,0.0,0.0,0.0,0.0
1375,stovepipe,0.0,1.0,0.0,0.0,0.0,0.0,0.0
1376,Taffy,1.0,1.0,0.0,0.0,0.0,0.0,0.0
1377,sucker fish,0.0,1.0,0.0,0.0,0.0,0.0,0.0
1378,tan,1.0,0.0,0.0,0.0,0.0,0.0,0.0
1379,tar baby,0.0,1.0,0.0,0.0,0.0,0.0,0.0
1380,teapot,0.0,1.0,0.0,0.0,0.0,0.0,0.0
1381,gypo,0.0,1.0,0.0,0.0,0.0,0.0,0.0
1382,gyppie,0.0,1.0,0.0,0.0,0.0,0.0,0.0
1383,tenker,0.0,1.0,0.0,0.0,0.0,0.0,0.0
1384,halfrican,0.0,1.0,0.0,0.0,0.0,0.0,0.0
1385,tiger,0.0,1.0,0.0,0.0,0.0,0.0,0.0
1386,hick,0.0,0.0,0.0,0.0,0.0,0.0,1.0
1387,heeb,0.0,1.0,1.0,0.0,0.0,0.0,0.0
1388,thicklips,0.0,1.0,0.0,0.0,0.0,0.0,0.0
1389,tinker,0.0,1.0,0.0,0.0,0.0,0.0,0.0
1390,tynkere,0.0,1.0,0.0,0.0,0.0,0.0,0.0
1391,heinie,1.0,0.0,0.0,0.0,0.0,0.0,0.0
1392,hairyback,0.0,1.0,0.0,0.0,0.0,0.0,0.0
1393,Tommy,1.0,0.0,0.0,0.0,0.0,0.0,0.0
1394,honkie,0.0,1.0,0.0,0.0,0.0,0.0,0.0
1395,Hun,1.0,0.0,1.0,0.0,0.0,0.0,0.0
1396,Hunky,1.0,1.0,0.0,0.0,0.0,0.0,0.0
1397,hebro,0.0,1.0,1.0,0.0,0.0,0.0,0.0
1398,trash,0.0,1.0,0.0,0.0,0.0,0.0,1.0
1399,spigger,0.0,1.0,0.0,0.0,0.0,0.0,0.0
1400,ike,0.0,1.0,0.0,0.0,0.0,0.0,0.0
1401,ikey,0.0,1.0,0.0,0.0,0.0,0.0,0.0
1402,iky,0.0,1.0,0.0,0.0,0.0,0.0,0.0
1403,Hunkie,1.0,1.0,0.0,0.0,0.0,0.0,0.0
1404,Honyak,1.0,0.0,0.0,0.0,0.0,0.0,0.0
1405,Twinkie,0.0,1.0,0.0,0.0,0.0,0.0,0.0
1406,hymie,0.0,1.0,1.0,0.0,0.0,0.0,0.0
1407,nicca,0.0,1.0,0.0,0.0,0.0,0.0,0.0
1408,moon cricket,0.0,1.0,0.0,0.0,0.0,0.0,0.0
1409,Velcro head,0.0,1.0,0.0,0.0,0.0,0.0,0.0
1410,jiggaboo,0.0,1.0,0.0,0.0,0.0,0.0,0.0
1411,Jihadi,0.0,1.0,1.0,0.0,0.0,0.0,0.0
1412,timber nigger,0.0,1.0,0.0,0.0,0.0,0.0,0.0
1413,darky,0.0,1.0,0.0,0.0,0.0,0.0,0.0
1414,coon,0.0,1.0,0.0,0.0,0.0,0.0,0.0
1415,jungle bunny,0.0,1.0,0.0,0.0,0.0,0.0,0.0
1416,WASP,0.0,1.0,1.0,0.0,0.0,0.0,0.0
1417,suntan,0.0,1.0,0.0,0.0,0.0,0.0,0.0
1418,white chocolate,0.0,1.0,0.0,0.0,0.0,0.0,0.0
1419,tunnel digger,1.0,1.0,0.0,0.0,0.0,0.0,0.0
1420,knacker,1.0,1.0,0.0,0.0,0.0,0.0,0.0
1421,whigger,1.0,1.0,0.0,0.0,0.0,0.0,0.0
1422,wigga,1.0,1.0,0.0,0.0,0.0,0.0,0.0
1423,wigger,1.0,1.0,0.0,0.0,0.0,0.0,0.0
1424,wink,0.0,1.0,0.0,0.0,0.0,0.0,0.0
1425,wog,1.0,1.0,0.0,0.0,0.0,0.0,0.0
1426,wop,1.0,0.0,0.0,0.0,0.0,0.0,0.0
1427,wexican,1.0,1.0,0.0,0.0,0.0,0.0,0.0
1428,yellow,0.0,1.0,0.0,0.0,0.0,0.0,0.0
1429,yid,0.0,1.0,0.0,0.0,0.0,0.0,0.0
1430,leprechaun,1.0,0.0,0.0,0.0,0.0,0.0,0.0
1431,zebra,0.0,1.0,0.0,0.0,0.0,0.0,0.0
1432,lawn jockey,0.0,1.0,0.0,0.0,0.0,0.0,0.0
1433,island nigger,1.0,1.0,0.0,0.0,0.0,0.0,0.0
1434,jiggabo,0.0,1.0,0.0,0.0,0.0,0.0,0.0
1435,zip,0.0,1.0,0.0,0.0,0.0,0.0,0.0
1436,lugan,1.0,0.0,0.0,0.0,0.0,0.0,0.0
1437,Lebbo,1.0,0.0,0.0,0.0,0.0,0.0,0.0
1438,zipperhead,0.0,1.0,0.0,0.0,0.0,0.0,0.0
1439,moxy,0.0,1.0,0.0,0.0,0.0,0.0,0.0
1440,mud duck,0.0,1.0,0.0,0.0,0.0,0.0,0.0
1441,mulato,0.0,1.0,0.0,0.0,0.0,0.0,0.0
1442,mung,1.0,1.0,0.0,0.0,0.0,0.0,0.0
1443,munt,0.0,1.0,0.0,0.0,0.0,0.0,0.0
1444,munter,0.0,1.0,0.0,0.0,0.0,0.0,0.0
1445,mutt,0.0,1.0,0.0,0.0,0.0,0.0,0.0
1446,mulignan,0.0,1.0,0.0,0.0,0.0,0.0,0.0
1447,mud shark,0.0,1.0,0.0,0.0,0.0,0.0,0.0
1448,nacho,0.0,1.0,0.0,0.0,0.0,0.0,0.0
1449,queen,0.0,0.0,0.0,0.0,1.0,0.0,0.0
1450,raghead,0.0,1.0,0.0,0.0,0.0,0.0,0.0
1451,race traitor,0.0,1.0,0.0,0.0,0.0,0.0,0.0
1452,nichi,0.0,1.0,0.0,0.0,0.0,0.0,0.0
1453,nig,0.0,1.0,0.0,0.0,0.0,0.0,0.0
1454,nig nog,0.0,1.0,0.0,0.0,0.0,0.0,0.0
1455,nigar,0.0,1.0,0.0,0.0,0.0,0.0,0.0
1456,niger,0.0,1.0,0.0,0.0,0.0,0.0,0.0
1457,Punjab,1.0,1.0,0.0,0.0,0.0,0.0,0.0
1458,nidge,0.0,1.0,0.0,0.0,0.0,0.0,0.0
1459,nigguh,0.0,1.0,0.0,0.0,0.0,0.0,0.0
1460,mangia cake,0.0,1.0,0.0,0.0,0.0,0.0,0.0
1461,niggress,0.0,1.0,0.0,0.0,0.0,0.0,0.0
1462,pollo,0.0,1.0,0.0,0.0,0.0,0.0,0.0
1463,muktuk,0.0,1.0,0.0,0.0,0.0,0.0,0.0
1464,powderburn,0.0,1.0,0.0,0.0,0.0,0.0,0.0
1465,porch monkey,0.0,1.0,0.0,0.0,0.0,0.0,0.0
1466,moulinyan,0.0,1.0,0.0,0.0,0.0,0.0,0.0
1467,pointy head,0.0,1.0,0.0,0.0,0.0,0.0,0.0
1468,Oreo,0.0,1.0,0.0,0.0,0.0,0.0,0.0
1469,Oriental,0.0,1.0,0.0,0.0,0.0,0.0,0.0
1470,Northern monkey,0.0,0.0,0.0,0.0,0.0,0.0,0.0
1471,nigette,0.0,1.0,0.0,0.0,0.0,0.0,0.0
1472,pinto,0.0,1.0,0.0,0.0,0.0,0.0,0.0
1473,octroon,0.0,1.0,0.0,0.0,0.0,0.0,0.0
1474,pancake,0.0,1.0,0.0,0.0,0.0,0.0,0.0
1475,pancake face,0.0,1.0,0.0,0.0,0.0,0.0,0.0
1476,papoose,0.0,1.0,0.0,0.0,0.0,0.0,0.0
1477,quadroon,0.0,1.0,0.0,0.0,0.0,0.0,0.0
1478,Pepper,1.0,1.0,0.0,0.0,0.0,0.0,0.0
1479,Pepsi,1.0,1.0,0.0,0.0,0.0,0.0,0.0
1480,pikey,1.0,1.0,0.0,0.0,0.0,0.0,0.0
1481,spook,0.0,1.0,0.0,0.0,0.0,0.0,0.0
1482,neche,0.0,1.0,0.0,0.0,0.0,0.0,0.0
1483,chug,0.0,1.0,0.0,0.0,0.0,0.0,0.0
1484,chink,1.0,0.0,0.0,0.0,0.0,0.0,0.0
1485,towel head,0.0,1.0,0.0,0.0,0.0,0.0,0.0
1486,property,0.0,1.0,0.0,0.0,0.0,0.0,0.0
1487,sperg,0.0,0.0,0.0,0.0,0.0,1.0,0.0
1488,ricepicker,1.0,1.0,0.0,0.0,0.0,0.0,0.0
1489,dingo fucker,1.0,0.0,0.0,0.0,0.0,0.0,0.0
1490,ginger,0.0,1.0,0.0,0.0,0.0,0.0,0.0
1491,albino,0.0,1.0,0.0,0.0,0.0,0.0,0.0
1492,retard,0.0,0.0,0.0,0.0,0.0,1.0,0.0
1493,buckethead,1.0,1.0,0.0,0.0,0.0,0.0,0.0
1494,faggot,0.0,0.0,0.0,0.0,1.0,0.0,0.0
1495,Fairy,0.0,0.0,0.0,0.0,1.0,0.0,0.0
1496,ling ling,0.0,1.0,0.0,0.0,0.0,0.0,0.0
1497,spice nigger,0.0,1.0,0.0,0.0,0.0,0.0,0.0
1498,beaner,0.0,1.0,0.0,0.0,0.0,0.0,0.0
1499,fag,0.0,0.0,0.0,0.0,1.0,0.0,0.0
1500,japie,1.0,1.0,0.0,0.0,0.0,0.0,0.0
1501,paki,1.0,1.0,0.0,0.0,0.0,0.0,0.0
1502,wetback,0.0,1.0,0.0,0.0,0.0,0.0,0.0
1503,gook,0.0,1.0,0.0,0.0,0.0,0.0,0.0
1504,guala guala,1.0,1.0,0.0,0.0,0.0,0.0,0.0
1505,guala,1.0,1.0,0.0,0.0,0.0,0.0,0.0
1506,squarehead,1.0,1.0,0.0,0.0,0.0,0.0,0.0
1507,fruit,0.0,0.0,0.0,0.0,1.0,0.0,0.0
1508,Cushi,0.0,1.0,0.0,0.0,0.0,0.0,0.0
1509,Kushi,0.0,1.0,0.0,0.0,0.0,0.0,0.0
1510,Kushite,0.0,1.0,0.0,0.0,0.0,0.0,0.0
1511,Cushite,0.0,1.0,0.0,0.0,0.0,0.0,0.0
1512,uncircumcised baboon,0.0,1.0,0.0,0.0,0.0,0.0,0.0
1513,Aunt Jane,0.0,1.0,0.0,0.0,0.0,0.0,0.0
1514,Aunt Jemima,0.0,1.0,0.0,0.0,0.0,0.0,0.0
1515,Aunt Mary,0.0,1.0,0.0,0.0,0.0,0.0,0.0
1516,Aunt Sally,0.0,1.0,0.0,0.0,0.0,0.0,0.0
1517,mack,1.0,1.0,0.0,0.0,0.0,0.0,0.0
1518,mick,1.0,1.0,0.0,0.0,0.0,0.0,0.0
1519,mickey,1.0,1.0,0.0,0.0,0.0,0.0,0.0
1520,Mickey Finn,1.0,1.0,0.0,0.0,0.0,0.0,0.0
1521,ABCD,0.0,1.0,0.0,0.0,0.0,0.0,0.0
1522,cocoa,0.0,1.0,0.0,0.0,0.0,0.0,0.0
1523,Cocoa Puff,0.0,1.0,0.0,0.0,0.0,0.0,0.0
1524,coconut,0.0,1.0,0.0,0.0,0.0,0.0,0.0
1525,colored,0.0,1.0,0.0,0.0,0.0,0.0,0.0
1526,coloured,0.0,1.0,0.0,0.0,0.0,0.0,0.0
1527,Jerry,1.0,0.0,0.0,0.0,0.0,0.0,0.0
1528,crow,0.0,1.0,0.0,0.0,0.0,0.0,0.0
1529,Angie,0.0,1.0,0.0,0.0,0.0,0.0,0.0
1530,Ann,0.0,1.0,0.0,0.0,0.0,0.0,0.0
1531,apple,0.0,1.0,0.0,0.0,0.0,0.0,0.0
1532,jock,0.0,0.0,0.0,0.0,0.0,0.0,0.0
1533,Junior Mint,0.0,1.0,0.0,0.0,0.0,0.0,0.0
1534,banana,0.0,1.0,0.0,0.0,0.0,0.0,0.0
1535,egg,0.0,1.0,0.0,0.0,0.0,0.0,0.0
1536,eggplant,0.0,1.0,0.0,0.0,0.0,0.0,0.0
1537,fez,0.0,1.0,0.0,0.0,0.0,0.0,0.0
1538,black Barbie,0.0,1.0,0.0,0.0,0.0,0.0,0.0
1539,blockhead,1.0,0.0,0.0,0.0,0.0,0.0,0.0
1540,frog,0.0,1.0,0.0,0.0,0.0,0.0,0.0
1541,fuzzy,0.0,1.0,0.0,0.0,0.0,0.0,0.0
1542,fuzzy wuzzy,0.0,1.0,0.0,0.0,0.0,0.0,0.0
1543,book book,1.0,1.0,0.0,0.0,0.0,0.0,0.0
1544,brownie,0.0,1.0,0.0,0.0,0.0,0.0,0.0
1545,bubble,1.0,1.0,0.0,0.0,0.0,0.0,0.0
1546,buck,0.0,1.0,0.0,0.0,0.0,0.0,0.0
1547,bumblebee,0.0,1.0,0.0,0.0,0.0,0.0,0.0
1548,can eater,0.0,1.0,0.0,0.0,0.0,0.0,0.0
1549,celestial,1.0,1.0,0.0,0.0,0.0,0.0,0.0
1550,monkey,0.0,1.0,0.0,0.0,0.0,0.0,0.0
1551,Charlie,1.0,1.0,0.0,0.0,0.0,0.0,0.0
1552,ho,0.0,0.0,0.0,1.0,0.0,0.0,0.0
1553,hoe,0.0,0.0,0.0,1.0,0.0,0.0,0.0
1554,chief,0.0,0.0,0.0,0.0,0.0,0.0,0.0
1555,skinny,1.0,0.0,0.0,0.0,0.0,0.0,0.0
